label	policy	reference	nfr_length_quantile_mae_bp	nfr_density_quantile_mae_per_10kb	position_occupancy_rmse	position_occupancy_correlation	aggregate_nfr_fraction_abs_diff
ont_early	supplied	pacbio_2_4:supplied_nuc_complement	19.90515151515152	1.4362291730895564	0.11647849425993384	0.7161231834383721	0.012911976318302432
ont_early	supplied_nuc_complement	pacbio_2_4:supplied_nuc_complement	19.863737373737347	1.3891426662669808	0.11696638775422254	0.7141678850717746	0.012450542379836255
ont_early	raw_hmm	pacbio_2_4:supplied_nuc_complement	22.56757575757578	1.3115329041807082	0.12160372421289939	0.7041593099692878	0.0026982751005778516
ont_early	conservative	pacbio_2_4:supplied_nuc_complement	55.533232323232276	4.924419984035801	0.18866955370767258	0.754126474430468	0.1335796014221288
ont_early	topology_fragment	pacbio_2_4:supplied_nuc_complement	17.181111111111115	1.4919094047783539	0.11783701074847205	0.70982261801169	0.009974160241930013
ont_late	supplied	pacbio_2_4:supplied_nuc_complement	7.973434343434389	1.1715964339655673	0.10755090154023732	0.8134299526547815	0.008396994218813403
ont_late	supplied_nuc_complement	pacbio_2_4:supplied_nuc_complement	7.908484848484872	1.1332038517760497	0.10829602208236758	0.8114321864952669	0.008848869099284506
ont_late	raw_hmm	pacbio_2_4:supplied_nuc_complement	9.294242424242471	1.2592489612143731	0.11856439762047911	0.8048150285928738	0.02026391612467264
ont_late	conservative	pacbio_2_4:supplied_nuc_complement	36.80878787878785	5.215977033873163	0.17624071367589464	0.8001646625210734	0.11434168882962578
ont_late	topology_fragment	pacbio_2_4:supplied_nuc_complement	6.458181818181898	1.2108006436204408	0.10968269605334104	0.8092058155262172	0.011664218089695227
pacbio_2_4	supplied	pacbio_2_4:supplied_nuc_complement	29.90595959595962	2.9063461978654344	0.12806807264605685	0.9343941095252439	0.06273936192812436
pacbio_2_4	supplied_nuc_complement	pacbio_2_4:supplied_nuc_complement	0.0	0.0	0.0	1.0	0.0
pacbio_2_4	raw_hmm	pacbio_2_4:supplied_nuc_complement	1.9962626262626548	0.05375838144519376	0.004497962322505443	0.9997066244772655	0.0018837261130782712
pacbio_2_4	conservative	pacbio_2_4:supplied_nuc_complement	2.245757575757566	2.132690199725494	0.05342609852660267	0.9929148688003953	0.026609595049584905
pacbio_2_4	topology_fragment	pacbio_2_4:supplied_nuc_complement	1.9962626262626548	0.05375838144519376	0.004497962322505443	0.9997066244772655	0.0018837261130782712
