label	policy	reads	nfr_calls	nfr_length_p25	nfr_length_median	nfr_length_p75	nfr_length_p90	per_read_nfr_per_10kb_median	per_read_nfr_per_10kb_p75	per_read_nfr_fraction_median	aggregate_nfr_fraction
ont_early	supplied	4410	37587	79.0	112.0	190.0	305.0	9.754414394980621	15.200600424174056	0.1352844103491493	0.14967513360607673
ont_early	supplied_nuc_complement	4410	37437	79.0	112.0	190.0	305.0	9.673659111963456	15.131714913121417	0.1341155120723403	0.14921369966761056
ont_early	raw_hmm	4410	34473	81.0	116.0	194.0	310.0	8.893264232961581	14.659296954364601	0.12467169065187769	0.13946143238835215
ont_early	conservative	4410	54839	82.0	124.0	240.0	410.0	14.986888578182818	19.47604553630118	0.27776271491430254	0.2703427587099031
ont_early	topology_fragment	4410	37603	79.0	110.0	186.0	298.0	9.79431929480901	15.292312555670911	0.13460051606966883	0.14673731752970431
ont_late	supplied	4735	34424	76.0	102.0	167.0	267.0	9.239297813366184	14.46455323901082	0.11337061514997458	0.1283661630689609
ont_late	supplied_nuc_complement	4735	34278	76.0	102.0	167.0	267.0	9.115770282588878	14.275517487508923	0.11274509803921569	0.1279142881884898
ont_late	raw_hmm	4735	30891	77.0	104.0	169.0	270.0	8.148631029986962	13.47707138176877	0.09983556495184402	0.11649924116310166
ont_late	conservative	4735	54049	79.0	113.0	220.0	358.0	15.323322096230463	20.094732309458877	0.25371479263694835	0.2511048461174001
ont_late	topology_fragment	4735	34364	75.0	100.0	161.0	260.0	9.203865623561896	14.507626819861663	0.11105476673427991	0.12509893919807907
pacbio_2_4	supplied	961	9565	70.0	85.0	119.0	174.60000000000036	5.373192653380227	9.845980730009142	0.04903914133299055	0.07402379535964994
pacbio_2_4	supplied_nuc_complement	961	13640	73.0	95.0	153.0	263.0	9.017713365539452	13.316423589093215	0.10843268645026542	0.1367631572877743
pacbio_2_4	raw_hmm	961	13667	73.0	94.0	150.0	256.39999999999964	9.053497942386832	13.344937626921961	0.10574563794983642	0.13487943117469603
pacbio_2_4	conservative	961	16597	73.0	94.0	150.0	257.0	11.393154992480518	15.711868503746677	0.13888424455219306	0.1633727523373592
pacbio_2_4	topology_fragment	961	13667	73.0	94.0	150.0	256.39999999999964	9.053497942386832	13.344937626921961	0.10574563794983642	0.13487943117469603
