read	gene	chrom	tss_ref	strand	paused_v2	paused_v3	elong_v2	elong_v3	pic_v2	pic_v3	accessible_v2	accessible_v3	hyperburst_v2	hyperburst_v3
m84046_250512_213358_s2/39716048/ccs	sna	chr2L	15476000	+	0	0	5	44	0	1	0	0	0	1
m84046_250512_213358_s2/102435715/ccs	sna	chr2L	15476000	+	0	0	3	8	0	0	0	0	1	1
m84046_250512_213358_s2/142871921/ccs	sna	chr2L	15476000	+	0	0	8	26	0	0	0	0	1	1
m84046_250512_213358_s2/260181961/ccs	sna	chr2L	15476000	+	0	0	7	61	1	0	0	0	1	1
m84046_250512_213358_s2/115475272/ccs	sna	chr2L	15476000	+	0	0	4	59	0	1	0	1	1	1
m84046_250512_213358_s2/30019517/ccs	sna	chr2L	15476000	+	0	0	8	113	0	2	0	1	0	1
m84046_250512_213358_s2/100669294/ccs	sna	chr2L	15476000	+	0	0	3	76	1	0	0	1	0	0
m84046_250512_213358_s2/107876531/ccs	sna	chr2L	15476000	+	0	0	5	36	0	0	0	0	0	1
m84046_250512_213358_s2/254939311/ccs	sna	chr2L	15476000	+	1	1	13	51	0	1	0	1	1	1
m84046_250512_213358_s2/46336712/ccs	sna	chr2L	15476000	+	0	0	9	34	0	0	1	1	1	1
m84046_250512_213358_s2/211419358/ccs	sna	chr2L	15476000	+	0	0	3	52	0	0	1	0	1	1
m84046_250512_213358_s2/77465727/ccs	sna	chr2L	15476000	+	0	0	6	34	0	0	0	0	0	0
m84046_250512_213358_s2/117116872/ccs	sna	chr2L	15476000	+	0	0	2	39	0	0	0	1	1	1
m84046_250512_213358_s2/163974513/ccs	sna	chr2L	15476000	+	0	0	5	68	0	0	0	0	0	0
m84046_250512_213358_s2/58199943/ccs	sna	chr2L	15476000	+	0	0	9	61	0	0	0	1	1	1
m84046_250512_213358_s2/12718723/ccs	sna	chr2L	15476000	+	0	0	5	62	0	0	0	0	0	1
m84046_250512_213358_s2/101910777/ccs	sna	chr2L	15476000	+	0	0	6	80	0	1	0	0	1	1
m84046_250512_213358_s2/197920797/ccs	sna	chr2L	15476000	+	0	0	2	21	0	0	0	0	0	0
m84046_250512_213358_s2/180294911/ccs	sna	chr2L	15476000	+	0	0	6	9	0	0	1	1	1	1
m84046_250512_213358_s2/208211121/ccs	sna	chr2L	15476000	+	0	0	9	91	0	0	0	0	0	0
m84046_250512_213358_s2/12386909/ccs	sna	chr2L	15476000	+	0	0	5	48	0	0	0	0	0	1
m84046_250512_213358_s2/51842878/ccs	sna	chr2L	15476000	+	0	0	16	64	1	0	1	0	1	1
m84046_250512_213358_s2/160895780/ccs	sna	chr2L	15476000	+	0	0	7	18	0	0	0	0	1	1
m84046_250512_213358_s2/128323262/ccs	sna	chr2L	15476000	+	0	0	8	88	0	0	0	0	0	1
m84046_250512_213358_s2/239208101/ccs	sna	chr2L	15476000	+	0	0	7	14	0	0	0	0	0	0
m84046_250512_213358_s2/75568063/ccs	sna	chr2L	15476000	+	0	0	4	28	0	0	0	0	1	1
m84046_250512_213358_s2/137627501/ccs	sna	chr2L	15476000	+	0	0	5	61	0	0	0	0	0	0
m84046_250512_213358_s2/20251832/ccs	sna	chr2L	15476000	+	0	0	4	36	0	0	1	1	0	1
m84046_250512_213358_s2/147986124/ccs	sna	chr2L	15476000	+	0	0	1	18	0	0	0	0	0	0
m84046_250512_213358_s2/212667100/ccs	sna	chr2L	15476000	+	0	0	6	39	0	0	0	0	1	1
m84046_250512_213358_s2/28640067/ccs	sna	chr2L	15476000	+	0	0	5	16	0	0	0	0	0	1
m84046_250512_213358_s2/140710482/ccs	sna	chr2L	15476000	+	0	0	0	32	0	0	0	0	1	1
m84046_250512_213358_s2/30936777/ccs	sna	chr2L	15476000	+	0	0	6	47	0	0	0	0	0	1
m84046_250512_213358_s2/162923609/ccs	sna	chr2L	15476000	+	0	0	1	43	1	0	0	1	1	1
m84046_250512_213358_s2/103486235/ccs	sna	chr2L	15476000	+	0	0	3	45	0	0	0	0	1	1
m84046_250512_213358_s2/16060845/ccs	sna	chr2L	15476000	+	0	1	7	58	1	0	0	1	0	0
m84046_250512_213358_s2/218436148/ccs	sna	chr2L	15476000	+	0	0	2	15	0	0	0	0	0	0
m84046_250512_213358_s2/52104797/ccs	sna	chr2L	15476000	+	0	0	3	36	0	0	0	0	1	1
m84046_250512_213358_s2/59310568/ccs	sna	chr2L	15476000	+	0	0	2	49	0	0	0	0	0	1
m84046_250512_213358_s2/173933837/ccs	sna	chr2L	15476000	+	0	0	5	41	0	0	0	0	0	1
m84046_250512_213358_s2/153883479/ccs	sna	chr2L	15476000	+	0	0	1	10	0	0	0	0	1	1
m84046_250512_213358_s2/100533188/ccs	sna	chr2L	15476000	+	0	0	2	74	0	0	0	0	0	1
m84046_250512_213358_s2/238488799/ccs	sna	chr2L	15476000	+	0	0	6	11	0	0	0	0	1	1
m84046_250512_213358_s2/23205481/ccs	sna	chr2L	15476000	+	0	0	12	63	0	0	0	0	0	1
m84046_250512_213358_s2/1643042/ccs	sna	chr2L	15476000	+	0	1	11	106	1	1	0	1	0	1
m84046_250512_213358_s2/15009789/ccs	sna	chr2L	15476000	+	0	0	4	4	0	0	0	0	1	1
m84046_250512_213358_s2/237767485/ccs	sna	chr2L	15476000	+	0	0	11	18	0	0	0	0	1	1
m84046_250512_213358_s2/189076986/ccs	sna	chr2L	15476000	+	0	1	4	63	0	0	0	0	0	1
m84046_250512_213358_s2/250023131/ccs	sna	chr2L	15476000	+	0	0	5	69	0	0	0	1	0	1
m84046_250512_213358_s2/173282157/ccs	sna	chr2L	15476000	+	0	1	2	23	0	0	0	1	0	1
m84046_250512_213358_s2/159056665/ccs	sna	chr2L	15476000	+	0	0	12	38	0	0	0	0	0	1
m84046_250512_213358_s2/246483796/ccs	sna	chr2L	15476000	+	0	0	0	2	0	0	0	0	0	1
m84046_250512_213358_s2/218828121/ccs	sna	chr2L	15476000	+	0	0	2	33	0	0	0	0	1	1
m84046_250512_213358_s2/64356466/ccs	sna	chr2L	15476000	+	0	0	1	36	0	0	0	0	0	1
m84046_250512_213358_s2/45482515/ccs	sna	chr2L	15476000	+	0	0	3	40	0	1	0	0	0	0
m84046_250512_213358_s2/163122842/ccs	sna	chr2L	15476000	+	0	0	9	42	0	1	0	0	0	0
m84046_250512_213358_s2/199167273/ccs	sna	chr2L	15476000	+	0	0	0	13	0	0	0	0	0	1
m84046_250512_213358_s2/139461498/ccs	sna	chr2L	15476000	+	0	0	1	12	0	0	0	0	1	1
m84046_250512_213358_s2/156177956/ccs	sna	chr2L	15476000	+	0	0	12	9	0	0	0	0	0	0
m84046_250512_213358_s2/82906038/ccs	sna	chr2L	15476000	+	0	0	1	35	0	0	0	0	0	1
m84046_250512_213358_s2/95291477/ccs	sna	chr2L	15476000	+	0	0	8	66	0	1	0	0	0	0
m84046_250512_213358_s2/23661669/ccs	sna	chr2L	15476000	+	0	0	5	65	0	1	0	0	0	1
m84046_250512_213358_s2/81990209/ccs	sna	chr2L	15476000	+	0	0	1	13	0	0	0	0	1	1
m84046_250512_213358_s2/66060564/ccs	sna	chr2L	15476000	+	0	0	11	49	0	0	0	0	0	0
m84046_250512_213358_s2/169672856/ccs	sna	chr2L	15476000	+	0	0	3	10	0	0	0	0	0	0
m84046_250512_213358_s2/213386434/ccs	sna	chr2L	15476000	+	0	0	12	11	0	0	0	0	1	1
m84046_250512_213358_s2/118035166/ccs	sna	chr2L	15476000	+	0	0	3	51	0	0	0	0	0	0
m84046_250512_213358_s2/162398911/ccs	sna	chr2L	15476000	+	0	0	2	7	0	0	0	0	1	1
m84046_250512_213358_s2/186389374/ccs	sna	chr2L	15476000	+	1	0	7	34	1	1	1	0	0	0
m84046_250512_213358_s2/234684606/ccs	sna	chr2L	15476000	+	0	0	4	24	0	0	0	0	0	0
m84046_250512_213358_s2/216662598/ccs	sna	chr2L	15476000	+	0	1	0	7	0	1	0	1	1	1
m84046_250512_213358_s2/256181026/ccs	sna	chr2L	15476000	+	0	0	1	43	0	0	1	0	0	0
m84046_250512_213358_s2/158207441/ccs	sna	chr2L	15476000	+	0	0	2	23	0	0	0	0	0	0
m84046_250512_213358_s2/235340292/ccs	sna	chr2L	15476000	+	0	0	7	26	0	0	0	0	0	0
m84046_250512_213358_s2/83428498/ccs	sna	chr2L	15476000	+	0	0	8	26	0	0	0	0	0	1
m84046_250512_213358_s2/267191379/ccs	sna	chr2L	15476000	+	0	0	10	40	0	0	0	0	0	1
m84046_250512_213358_s2/124456606/ccs	sna	chr2L	15476000	+	0	0	7	54	0	0	0	0	0	0
m84046_250512_213358_s2/240714761/ccs	sna	chr2L	15476000	+	0	0	3	45	0	0	0	0	0	0
m84046_250512_213358_s2/85723709/ccs	sna	chr2L	15476000	+	0	0	2	14	0	0	0	0	0	0
m84046_250512_213358_s2/181080617/ccs	sna	chr2L	15476000	+	0	0	0	44	0	0	0	0	0	1
m84046_250512_213358_s2/48304444/ccs	sna	chr2L	15476000	+	0	0	10	63	0	1	0	0	0	1
m84046_250512_213358_s2/94441975/ccs	sna	chr2L	15476000	+	0	0	1	10	0	0	0	0	0	0
m84046_250512_213358_s2/151721470/ccs	sna	chr2L	15476000	+	0	0	2	37	0	0	0	0	0	1
m84046_250512_213358_s2/231674200/ccs	sna	chr2L	15476000	+	0	0	0	43	0	1	0	1	0	1
m84046_250512_213358_s2/70453367/ccs	sna	chr2L	15476000	+	0	0	6	22	0	0	0	0	0	0
m84046_250512_213358_s2/108531563/ccs	sna	chr2L	15476000	+	0	0	4	45	0	0	0	0	0	0
m84046_250512_213358_s2/85527517/ccs	sna	chr2L	15476000	+	0	0	8	58	0	1	0	0	0	1
m84046_250512_213358_s2/234493530/ccs	sna	chr2L	15476000	+	0	0	1	43	0	0	0	0	0	1
m84046_250512_213358_s2/103287969/ccs	sna	chr2L	15476000	+	0	0	5	97	0	0	0	0	0	1
m84046_250512_213358_s2/51642969/ccs	sna	chr2L	15476000	+	0	0	5	21	0	0	0	0	0	0
m84046_250512_213358_s2/150275673/ccs	sna	chr2L	15476000	+	0	0	7	18	0	0	0	0	0	0
m84046_250512_213358_s2/238095494/ccs	sna	chr2L	15476000	+	0	0	3	26	0	0	1	1	0	0
m84046_250512_213358_s2/72681033/ccs	sna	chr2L	15476000	+	0	0	3	21	0	0	0	0	0	1
m84046_250512_213358_s2/126353599/ccs	sna	chr2L	15476000	+	0	0	3	15	0	0	0	1	0	0
m84046_250512_213358_s2/69077792/ccs	sna	chr2L	15476000	+	0	0	17	45	0	0	0	0	0	1
m84046_250512_213358_s2/201659336/ccs	sna	chr2L	15476000	+	0	0	5	31	0	1	0	0	0	0
m84046_250512_213358_s2/235405504/ccs	sna	chr2L	15476000	+	0	0	0	3	0	0	0	0	0	0
m84046_250512_213358_s2/83296487/ccs	sna	chr2L	15476000	+	0	0	7	21	0	0	1	1	0	0
m84046_250512_213358_s2/144639929/ccs	sna	chr2L	15476000	+	0	0	3	33	0	0	0	0	0	0
m84046_250512_213358_s2/255202697/ccs	sna	chr2L	15476000	+	0	0	7	37	1	0	0	0	0	0
m84046_250512_213358_s2/26478164/ccs	sna	chr2L	15476000	+	0	0	7	35	0	0	0	0	0	0
m84046_250512_213358_s2/152508325/ccs	sna	chr2L	15476000	+	0	0	1	66	0	0	0	0	0	0
m84046_250512_213358_s2/191367237/ccs	sna	chr2L	15476000	+	0	0	11	51	0	1	0	0	0	1
m84046_250512_213358_s2/174462488/ccs	sna	chr2L	15476000	+	0	0	10	16	0	0	0	0	1	1
m84046_250512_213358_s2/228264222/ccs	sna	chr2L	15476000	+	0	0	6	22	0	0	0	1	0	1
m84046_250512_213358_s2/129504815/ccs	sna	chr2L	15476000	+	0	0	0	7	0	0	0	0	0	0
m84046_250512_213358_s2/65344528/ccs	sna	chr2L	15476000	+	0	0	4	25	0	0	0	0	0	1
m84046_250512_213358_s2/195365408/ccs	sna	chr2L	15476000	+	0	0	6	58	0	0	1	1	0	1
m84046_250512_213358_s2/18220079/ccs	sna	chr2L	15476000	+	0	0	0	6	0	1	0	0	0	0
m84046_250512_213358_s2/22547962/ccs	sna	chr2L	15476000	+	0	0	4	12	0	0	0	0	0	0
m84046_250512_213358_s2/264899416/ccs	sna	chr2L	15476000	+	0	0	2	29	0	0	0	0	0	1
m84046_250512_213358_s2/17566719/ccs	sna	chr2L	15476000	+	0	0	3	17	0	0	0	0	0	0
m84046_250512_213358_s2/26875428/ccs	sna	chr2L	15476000	+	0	0	3	6	0	0	0	0	0	0
m84046_250512_213358_s2/33098370/ccs	sna	chr2L	15476000	+	0	1	4	10	0	0	0	0	0	0
m84046_250512_213358_s2/171312576/ccs	sna	chr2L	15476000	+	0	0	0	3	0	0	0	0	0	0
m84046_250512_213358_s2/65471494/ccs	sna	chr2L	15476000	+	0	0	12	43	0	0	0	0	0	1
m84046_250512_213358_s2/99096182/ccs	sna	chr2L	15476000	+	0	0	3	28	0	0	0	0	0	1
m84046_250512_213358_s2/257098926/ccs	sna	chr2L	15476000	+	0	0	14	36	0	2	1	1	0	1
m84046_250512_213358_s2/205521903/ccs	sna	chr2L	15476000	+	0	0	4	39	0	0	0	0	0	0
m84046_250512_213358_s2/44236914/ccs	sna	chr2L	15476000	+	0	0	4	15	0	0	1	1	0	0
m84046_250512_213358_s2/140056280/ccs	sna	chr2L	15476000	+	0	0	4	7	0	0	0	0	0	0
m84046_250512_213358_s2/235603742/ccs	sna	chr2L	15476000	+	0	0	7	13	0	0	0	0	0	0
m84046_250512_213358_s2/62785361/ccs	sna	chr2L	15476000	+	0	0	7	13	0	0	0	0	1	1
m84046_250512_213358_s2/101715990/ccs	sna	chr2L	15476000	+	0	0	3	49	0	1	0	1	0	1
m84046_250512_213358_s2/60298444/ccs	sna	chr2L	15476000	+	0	0	6	45	0	1	0	1	0	1
m84046_250512_213358_s2/46796624/ccs	sna	chr2L	15476000	+	0	0	5	44	0	0	0	0	0	1
m84046_250512_213358_s2/54331507/ccs	sna	chr2L	15476000	+	0	0	5	49	0	1	0	1	0	1
m84046_250512_213358_s2/65932531/ccs	sna	chr2L	15476000	+	0	0	6	30	0	0	0	0	0	0
m84046_250512_213358_s2/28248736/ccs	sna	chr2L	15476000	+	0	0	11	43	0	2	0	1	0	1
m84046_250512_213358_s2/4393273/ccs	sna	chr2L	15476000	+	0	0	3	5	0	0	0	0	0	1
m84046_250512_213358_s2/29954111/ccs	sna	chr2L	15476000	+	0	0	4	18	0	0	0	0	0	0
m84046_250512_213358_s2/182652931/ccs	sna	chr2L	15476000	+	0	0	3	12	0	0	0	0	0	0
m84046_250512_213358_s2/81860426/ccs	sna	chr2L	15476000	+	0	0	10	119	0	0	0	0	0	0
m84046_250512_213358_s2/161024314/ccs	sna	chr2L	15476000	+	0	1	7	92	0	1	0	0	0	1
m84046_250512_213358_s2/145425997/ccs	sna	chr2L	15476000	+	0	0	5	45	0	0	0	0	0	0
m84046_250512_213358_s2/73074208/ccs	sna	chr2L	15476000	+	0	0	6	49	0	0	0	1	0	1
m84046_250512_213358_s2/14746346/ccs	sna	chr2L	15476000	+	0	0	14	57	0	2	0	1	0	1
m84046_250512_213358_s2/46923962/ccs	sna	chr2L	15476000	+	0	0	16	91	0	0	0	1	0	1
m84046_250512_213358_s2/12127565/ccs	sna	chr2L	15476000	+	0	0	7	33	0	0	0	0	0	0
m84046_250512_213358_s2/226560376/ccs	sna	chr2L	15476000	+	0	0	2	59	0	2	0	0	0	1
m84046_250512_213358_s2/34080246/ccs	sna	chr2L	15476000	+	0	0	8	12	0	0	0	0	1	1
m84046_250512_213358_s2/239799700/ccs	sna	chr2L	15476000	+	0	0	6	56	0	0	0	0	0	1
m84046_250512_213358_s2/211686094/ccs	sna	chr2L	15476000	+	0	0	4	7	0	0	0	0	0	0
m84046_250512_213358_s2/218828388/ccs	sna	chr2L	15476000	+	0	0	3	49	0	0	0	0	0	1
m84046_250512_213358_s2/56427134/ccs	sna	chr2L	15476000	+	0	0	13	62	0	0	1	0	0	1
m84046_250512_213358_s2/75371068/ccs	sna	chr2L	15476000	+	0	0	6	21	0	0	0	0	0	0
m84046_250512_213358_s2/31000637/ccs	sna	chr2L	15476000	+	0	0	10	20	0	0	1	0	1	1
m84046_250512_213358_s2/159057762/ccs	sna	chr2L	15476000	+	0	0	7	33	0	1	0	1	0	1
m84046_250512_213358_s2/148506890/ccs	sna	chr2L	15476000	+	0	0	10	29	0	0	0	0	1	1
m84046_250512_213358_s2/176029919/ccs	sna	chr2L	15476000	+	0	1	1	27	0	0	1	0	0	1
m84046_250512_213358_s2/232724136/ccs	sna	chr2L	15476000	+	0	0	13	81	0	0	0	0	0	0
m84046_250512_213358_s2/173280033/ccs	sna	chr2L	15476000	+	0	0	2	15	0	1	0	0	0	0
m84046_250512_213358_s2/84936747/ccs	sna	chr2L	15476000	+	0	0	2	14	0	0	0	0	0	0
m84046_250512_213358_s2/42995328/ccs	sna	chr2L	15476000	+	0	0	11	38	0	0	0	0	0	1
m84046_250512_213358_s2/158795544/ccs	sna	chr2L	15476000	+	0	0	4	86	0	0	0	0	0	1
m84046_250512_213358_s2/51905544/ccs	sna	chr2L	15476000	+	0	0	6	67	0	0	0	0	0	1
m84046_250512_213358_s2/241766683/ccs	sna	chr2L	15476000	+	0	1	3	14	0	0	0	1	0	1
m84046_250512_213358_s2/90374471/ccs	sna	chr2L	15476000	+	0	0	27	71	0	0	0	1	0	1
m84046_250512_213358_s2/77207462/ccs	sna	chr2L	15476000	+	0	0	8	19	0	0	0	0	0	1
m84046_250512_213358_s2/36962469/ccs	sna	chr2L	15476000	+	0	0	4	5	0	0	0	0	0	0
m84046_250512_213358_s2/118035985/ccs	sna	chr2L	15476000	+	0	0	4	8	0	0	0	0	0	0
m84046_250512_213358_s2/88344929/ccs	sna	chr2L	15476000	+	0	1	6	46	0	2	0	1	0	0
m84046_250512_213358_s2/16974532/ccs	sna	chr2L	15476000	+	0	0	8	29	1	1	0	0	0	0
m84046_250512_213358_s2/252644941/ccs	sna	chr2L	15476000	+	0	1	8	21	1	0	0	1	0	0
m84046_250512_213358_s2/253889521/ccs	eve	chr2R	9974000	+	0	0	6	77	0	0	0	0	1	1
m84046_250512_213358_s2/102370101/ccs	eve	chr2R	9974000	+	0	0	6	54	0	0	0	0	1	1
m84046_250512_213358_s2/142872568/ccs	eve	chr2R	9974000	+	0	0	4	62	0	0	0	0	1	1
m84046_250512_213358_s2/219877597/ccs	eve	chr2R	9974000	+	0	0	5	51	0	1	0	0	0	0
m84046_250512_213358_s2/37554943/ccs	eve	chr2R	9974000	+	0	1	6	62	0	0	0	0	1	1
m84046_250512_213358_s2/209978552/ccs	eve	chr2R	9974000	+	0	0	6	70	0	0	0	0	1	1
m84046_250512_213358_s2/115348752/ccs	eve	chr2R	9974000	+	0	0	5	68	0	0	0	0	1	1
m84046_250512_213358_s2/181012903/ccs	eve	chr2R	9974000	+	0	0	1	62	0	0	0	0	0	1
m84046_250512_213358_s2/25954709/ccs	eve	chr2R	9974000	+	0	0	8	63	0	2	0	1	0	1
m84046_250512_213358_s2/179180903/ccs	eve	chr2R	9974000	+	0	0	8	56	0	0	0	0	1	1
m84046_250512_213358_s2/229770611/ccs	eve	chr2R	9974000	+	0	0	2	95	0	2	0	1	0	1
m84046_250512_213358_s2/6031411/ccs	eve	chr2R	9974000	+	0	0	3	17	1	0	0	1	1	1
m84046_250512_213358_s2/86246190/ccs	eve	chr2R	9974000	+	0	0	8	28	0	0	0	0	0	1
m84046_250512_213358_s2/162661579/ccs	eve	chr2R	9974000	+	0	0	0	52	0	0	0	0	1	1
m84046_250512_213358_s2/110692049/ccs	eve	chr2R	9974000	+	0	0	11	88	0	0	0	0	0	0
m84046_250512_213358_s2/233901560/ccs	eve	chr2R	9974000	+	0	0	5	11	0	0	1	1	1	1
m84046_250512_213358_s2/224200414/ccs	eve	chr2R	9974000	+	0	0	15	52	0	2	0	1	1	1
m84046_250512_213358_s2/160630113/ccs	eve	chr2R	9974000	+	0	0	7	55	0	0	0	0	1	1
m84046_250512_213358_s2/138019915/ccs	eve	chr2R	9974000	+	0	0	5	56	0	0	1	0	1	1
m84046_250512_213358_s2/228590559/ccs	eve	chr2R	9974000	+	0	0	9	47	0	0	1	1	0	1
m84046_250512_213358_s2/210044905/ccs	eve	chr2R	9974000	+	0	0	17	27	0	0	1	1	0	1
m84046_250512_213358_s2/135534302/ccs	eve	chr2R	9974000	+	0	0	15	137	0	0	0	0	0	1
m84046_250512_213358_s2/252643046/ccs	eve	chr2R	9974000	+	0	0	7	64	0	0	1	1	0	1
m84046_250512_213358_s2/81858697/ccs	eve	chr2R	9974000	+	0	0	6	18	0	0	0	0	1	1
m84046_250512_213358_s2/138282072/ccs	eve	chr2R	9974000	+	0	0	6	66	0	1	1	0	1	1
m84046_250512_213358_s2/64558198/ccs	eve	chr2R	9974000	+	0	0	7	41	0	0	0	0	0	0
m84046_250512_213358_s2/94962737/ccs	eve	chr2R	9974000	+	0	0	7	22	0	0	1	1	1	1
m84046_250512_213358_s2/234163990/ccs	eve	chr2R	9974000	+	0	0	8	47	0	0	0	0	1	1
m84046_250512_213358_s2/221779634/ccs	eve	chr2R	9974000	+	0	1	2	17	0	0	0	1	1	1
m84046_250512_213358_s2/91164125/ccs	eve	chr2R	9974000	+	0	0	7	20	0	0	0	0	0	0
m84046_250512_213358_s2/207162419/ccs	eve	chr2R	9974000	+	0	0	2	33	0	0	1	1	1	1
m84046_250512_213358_s2/167379770/ccs	eve	chr2R	9974000	+	0	0	9	15	0	0	0	0	0	0
m84046_250512_213358_s2/206045546/ccs	eve	chr2R	9974000	+	0	0	9	73	0	0	0	0	0	0
m84046_250512_213358_s2/174850585/ccs	eve	chr2R	9974000	+	0	0	11	75	0	1	0	0	0	0
m84046_250512_213358_s2/174921467/ccs	eve	chr2R	9974000	+	0	0	9	33	0	0	1	1	0	1
m84046_250512_213358_s2/210636334/ccs	eve	chr2R	9974000	+	0	0	10	30	0	0	1	1	0	1
m84046_250512_213358_s2/211093022/ccs	eve	chr2R	9974000	+	0	0	0	6	0	0	0	0	1	1
m84046_250512_213358_s2/234165268/ccs	eve	chr2R	9974000	+	0	0	8	78	0	1	0	1	0	1
m84046_250512_213358_s2/258280026/ccs	eve	chr2R	9974000	+	0	0	2	57	0	1	1	0	0	1
m84046_250512_213358_s2/212473387/ccs	eve	chr2R	9974000	+	0	0	7	50	0	0	0	0	0	0
m84046_250512_213358_s2/62063476/ccs	eve	chr2R	9974000	+	0	0	5	26	0	0	0	0	0	0
m84046_250512_213358_s2/245367597/ccs	eve	chr2R	9974000	+	0	0	8	36	0	0	1	1	0	0
m84046_250512_213358_s2/82970184/ccs	eve	chr2R	9974000	+	0	1	4	46	0	1	0	1	1	1
m84046_250512_213358_s2/83886718/ccs	eve	chr2R	9974000	+	0	0	15	47	0	0	0	0	0	0
m84046_250512_213358_s2/216340404/ccs	eve	chr2R	9974000	+	0	0	2	23	0	0	0	0	0	0
m84046_250512_213358_s2/113444226/ccs	eve	chr2R	9974000	+	0	0	7	77	1	0	1	0	0	1
m84046_250512_213358_s2/58069782/ccs	eve	chr2R	9974000	+	0	0	3	9	0	1	1	1	0	0
m84046_250512_213358_s2/32900604/ccs	eve	chr2R	9974000	+	0	0	4	19	0	0	0	0	0	0
m84046_250512_213358_s2/131402957/ccs	eve	chr2R	9974000	+	0	0	11	59	0	0	0	0	0	0
m84046_250512_213358_s2/63373759/ccs	eve	chr2R	9974000	+	0	0	8	19	0	0	0	1	0	0
m84046_250512_213358_s2/131862506/ccs	eve	chr2R	9974000	+	0	0	0	2	0	0	1	1	0	0
m84046_250512_213358_s2/154012275/ccs	eve	chr2R	9974000	+	0	0	2	36	0	0	0	0	0	1
m84046_250512_213358_s2/76874179/ccs	eve	chr2R	9974000	+	0	1	12	46	0	0	0	0	0	0
m84046_250512_213358_s2/108398450/ccs	eve	chr2R	9974000	+	0	0	8	59	1	0	0	0	0	0
m84046_250512_213358_s2/85526113/ccs	eve	chr2R	9974000	+	0	0	11	55	0	0	1	0	0	0
m84046_250512_213358_s2/89001746/ccs	eve	chr2R	9974000	+	0	0	4	34	0	0	0	0	1	1
m84046_250512_213358_s2/96668271/ccs	eve	chr2R	9974000	+	0	0	4	14	0	0	0	1	1	1
m84046_250512_213358_s2/1118928/ccs	eve	chr2R	9974000	+	0	0	9	62	0	0	0	0	0	0
m84046_250512_213358_s2/125176559/ccs	eve	chr2R	9974000	+	0	0	17	29	0	0	1	1	1	1
m84046_250512_213358_s2/261560125/ccs	eve	chr2R	9974000	+	0	0	3	6	0	0	0	0	1	1
m84046_250512_213358_s2/160696269/ccs	eve	chr2R	9974000	+	0	0	9	37	0	0	0	0	0	0
m84046_250512_213358_s2/38210283/ccs	eve	chr2R	9974000	+	0	0	6	7	0	0	0	0	1	1
m84046_250512_213358_s2/54202290/ccs	eve	chr2R	9974000	+	0	0	2	54	0	0	0	0	0	0
m84046_250512_213358_s2/124128865/ccs	eve	chr2R	9974000	+	0	0	6	39	0	0	0	1	0	0
m84046_250512_213358_s2/186652284/ccs	eve	chr2R	9974000	+	0	0	5	9	0	0	0	0	0	0
m84046_250512_213358_s2/228726511/ccs	eve	chr2R	9974000	+	0	0	5	3	0	0	0	0	1	1
m84046_250512_213358_s2/30740140/ccs	eve	chr2R	9974000	+	0	0	3	44	0	0	0	0	1	1
m84046_250512_213358_s2/239342318/ccs	eve	chr2R	9974000	+	0	0	8	13	0	0	0	0	0	0
m84046_250512_213358_s2/158663692/ccs	eve	chr2R	9974000	+	0	0	3	45	0	0	0	1	0	0
m84046_250512_213358_s2/248253443/ccs	eve	chr2R	9974000	+	0	0	7	16	0	0	1	1	0	1
m84046_250512_213358_s2/107352707/ccs	eve	chr2R	9974000	+	0	0	14	22	0	0	0	0	0	1
m84046_250512_213358_s2/244713165/ccs	eve	chr2R	9974000	+	0	0	2	6	0	0	1	1	0	0
m84046_250512_213358_s2/181273590/ccs	eve	chr2R	9974000	+	0	0	5	33	0	3	1	1	0	0
m84046_250512_213358_s2/29956043/ccs	eve	chr2R	9974000	+	0	0	4	20	0	0	1	1	0	0
m84046_250512_213358_s2/67243270/ccs	eve	chr2R	9974000	+	0	0	2	58	0	1	0	1	0	1
m84046_250512_213358_s2/2166885/ccs	eve	chr2R	9974000	+	0	0	3	14	0	0	0	0	0	0
m84046_250512_213358_s2/66716118/ccs	eve	chr2R	9974000	+	0	0	4	28	0	0	0	0	0	0
m84046_250512_213358_s2/210437876/ccs	eve	chr2R	9974000	+	0	0	11	72	0	1	1	1	0	1
m84046_250512_213358_s2/81003147/ccs	eve	chr2R	9974000	+	0	1	7	64	0	1	0	0	0	1
m84046_250512_213358_s2/93782565/ccs	eve	chr2R	9974000	+	0	0	0	65	0	1	1	0	0	1
m84046_250512_213358_s2/82708464/ccs	eve	chr2R	9974000	+	0	0	4	73	0	1	1	1	0	1
m84046_250512_213358_s2/251729298/ccs	eve	chr2R	9974000	+	0	0	8	9	0	0	0	0	0	0
m84046_250512_213358_s2/255526517/ccs	eve	chr2R	9974000	+	0	0	10	17	0	0	1	1	0	0
m84046_250512_213358_s2/101127155/ccs	eve	chr2R	9974000	+	0	0	9	42	0	0	0	0	0	0
m84046_250512_213358_s2/218106000/ccs	eve	chr2R	9974000	+	0	0	6	13	0	0	1	1	0	0
m84046_250512_213358_s2/93521834/ccs	eve	chr2R	9974000	+	0	0	2	26	0	1	0	1	0	1
m84046_250512_213358_s2/201330793/ccs	eve	chr2R	9974000	+	0	0	5	92	0	1	0	0	0	1
m84046_250512_213358_s2/162729045/ccs	eve	chr2R	9974000	+	0	0	6	24	0	1	1	1	0	0
m84046_250512_213358_s2/44504146/ccs	eve	chr2R	9974000	+	0	0	3	7	0	0	0	0	0	0
m84046_250512_213358_s2/117444773/ccs	eve	chr2R	9974000	+	0	0	10	27	0	0	0	0	0	0
m84046_250512_213358_s2/4328374/ccs	eve	chr2R	9974000	+	0	0	2	7	0	0	1	1	0	0
m84046_250512_213358_s2/154732980/ccs	eve	chr2R	9974000	+	0	0	9	71	0	0	1	0	0	1
m84046_250512_213358_s2/205458749/ccs	eve	chr2R	9974000	+	0	1	2	50	0	1	1	1	0	1
m84046_250512_213358_s2/216597441/ccs	eve	chr2R	9974000	+	0	0	4	62	0	0	1	0	0	1
m84046_250512_213358_s2/129368814/ccs	eve	chr2R	9974000	+	0	0	6	49	0	1	0	0	0	0
m84046_250512_213358_s2/146736002/ccs	eve	chr2R	9974000	+	0	0	6	32	0	2	1	1	0	1
m84046_250512_213358_s2/125375795/ccs	eve	chr2R	9974000	+	0	0	4	35	0	1	0	1	0	1
m84046_250512_213358_s2/249956533/ccs	eve	chr2R	9974000	+	0	0	13	24	0	0	0	1	0	0
m84046_250512_213358_s2/65605636/ccs	eve	chr2R	9974000	+	0	0	5	54	0	0	0	0	0	1
m84046_250512_213358_s2/116985469/ccs	eve	chr2R	9974000	+	0	0	2	57	0	1	0	1	0	1
m84046_250512_213358_s2/59053659/ccs	eve	chr2R	9974000	+	0	0	7	12	0	0	1	1	0	0
m84046_250512_213358_s2/19008755/ccs	eve	chr2R	9974000	+	0	0	5	48	0	0	0	0	0	1
m84046_250512_213358_s2/29622436/ccs	eve	chr2R	9974000	+	0	0	8	54	0	0	0	0	0	0
m84046_250512_213358_s2/114689809/ccs	eve	chr2R	9974000	+	0	0	13	52	0	1	1	1	0	1
m84046_250512_213358_s2/177408454/ccs	eve	chr2R	9974000	+	0	0	6	58	0	1	1	0	0	1
m84046_250512_213358_s2/82185382/ccs	eve	chr2R	9974000	+	0	0	7	51	0	0	0	0	0	1
m84046_250512_213358_s2/24510556/ccs	eve	chr2R	9974000	+	0	0	10	50	0	1	0	1	0	1
m84046_250512_213358_s2/253039507/ccs	eve	chr2R	9974000	+	0	0	7	12	0	0	1	1	0	0
m84046_250512_213358_s2/16320370/ccs	eve	chr2R	9974000	+	0	0	16	56	0	1	1	1	0	0
m84046_250512_213358_s2/84018552/ccs	eve	chr2R	9974000	+	0	0	1	28	0	0	0	0	0	1
m84046_250512_213358_s2/227672761/ccs	eve	chr2R	9974000	+	0	0	7	16	0	0	1	1	0	0
m84046_250512_213358_s2/36178089/ccs	eve	chr2R	9974000	+	0	0	3	29	0	0	0	0	0	0
m84046_250512_213358_s2/84738698/ccs	eve	chr2R	9974000	+	0	0	8	45	0	0	0	1	0	1
m84046_250512_213358_s2/220922705/ccs	eve	chr2R	9974000	+	0	0	3	55	0	0	0	0	0	1
m84046_250512_213358_s2/243339500/ccs	eve	chr2R	9974000	+	0	0	9	23	0	0	1	1	0	0
m84046_250512_213358_s2/166138642/ccs	eve	chr2R	9974000	+	0	0	6	45	0	0	0	0	0	0
m84046_250512_213358_s2/226820178/ccs	eve	chr2R	9974000	+	0	0	10	32	0	0	1	1	0	0
m84046_250512_213358_s2/98762913/ccs	eve	chr2R	9974000	+	0	0	8	22	0	0	1	1	0	0
m84046_250512_213358_s2/63115874/ccs	eve	chr2R	9974000	+	0	1	8	37	0	1	0	1	0	0
m84046_250512_213358_s2/61671292/ccs	eve	chr2R	9974000	+	0	0	9	16	0	0	0	0	0	0
m84046_250512_213358_s2/13506228/ccs	eve	chr2R	9974000	+	0	0	4	18	0	0	0	0	0	0
m84046_250512_213358_s2/66586498/ccs	eve	chr2R	9974000	+	0	0	3	15	0	0	0	0	0	0
m84046_250512_213358_s2/251267260/ccs	eve	chr2R	9974000	+	0	0	6	55	1	1	0	1	0	1
m84046_250512_213358_s2/123279282/ccs	eve	chr2R	9974000	+	0	0	7	27	0	0	0	0	0	0
m84046_250512_213358_s2/63114509/ccs	eve	chr2R	9974000	+	0	0	6	66	0	0	0	0	0	1
m84046_250512_213358_s2/116855209/ccs	eve	chr2R	9974000	+	0	0	10	14	0	0	1	1	1	1
m84046_250512_213358_s2/35916430/ccs	eve	chr2R	9974000	+	0	0	3	77	0	0	1	0	0	1
m84046_250512_213358_s2/91952456/ccs	eve	chr2R	9974000	+	0	0	6	55	0	2	1	0	0	1
m84046_250512_213358_s2/163452463/ccs	eve	chr2R	9974000	+	0	0	8	66	0	1	0	1	0	0
m84046_250512_213358_s2/71632765/ccs	eve	chr2R	9974000	+	0	0	6	13	0	0	1	1	0	0
m84046_250512_213358_s2/217257898/ccs	eve	chr2R	9974000	+	0	0	5	45	0	0	0	0	0	1
m84046_250512_213358_s2/197591139/ccs	eve	chr2R	9974000	+	0	0	1	38	0	1	1	0	0	1
m84046_250512_213358_s2/267256730/ccs	eve	chr2R	9974000	+	0	0	7	39	0	0	0	0	0	0
m84046_250512_213358_s2/213846722/ccs	eve	chr2R	9974000	+	0	0	8	24	0	0	1	1	0	0
m84046_250512_213358_s2/47909299/ccs	eve	chr2R	9974000	+	0	0	3	22	0	1	0	0	0	1
m84046_250512_213358_s2/106761373/ccs	eve	chr2R	9974000	+	0	0	3	4	0	0	0	0	0	0
m84046_250512_213358_s2/242354209/ccs	eve	chr2R	9974000	+	0	0	5	13	0	0	0	0	0	0
m84046_250512_213358_s2/108921653/ccs	eve	chr2R	9974000	+	0	0	2	34	0	0	1	0	0	0
m84046_250512_213358_s2/114758795/ccs	eve	chr2R	9974000	+	0	0	5	20	0	0	0	0	0	0
m84046_250512_213358_s2/35067618/ccs	eve	chr2R	9974000	+	0	0	11	13	0	0	1	1	0	1
m84046_250512_213358_s2/197591933/ccs	eve	chr2R	9974000	+	0	0	7	51	0	0	0	0	0	0
m84046_250512_213358_s2/246945638/ccs	eve	chr2R	9974000	+	0	0	3	15	0	0	1	1	0	0
m84046_250512_213358_s2/27399816/ccs	eve	chr2R	9974000	+	0	0	4	12	0	0	1	1	0	0
m84046_250512_213358_s2/24641958/ccs	eve	chr2R	9974000	+	0	0	5	10	0	0	0	0	0	0
m84046_250512_213358_s2/79302839/ccs	eve	chr2R	9974000	+	0	0	9	60	0	0	0	0	0	0
m84046_250512_213358_s2/255790688/ccs	eve	chr2R	9974000	+	0	0	10	58	0	0	1	1	0	1
m84046_250512_213358_s2/186780016/ccs	eve	chr2R	9974000	+	0	0	12	57	0	0	0	0	0	1
m84046_250512_213358_s2/97785404/ccs	eve	chr2R	9974000	+	0	0	9	21	0	0	1	1	0	0
m84046_250512_213358_s2/44369031/ccs	eve	chr2R	9974000	+	0	0	1	52	0	1	0	1	0	1
m84046_250512_213358_s2/225449160/ccs	eve	chr2R	9974000	+	0	0	1	40	0	0	0	1	0	1
m84046_250512_213358_s2/26674949/ccs	eve	chr2R	9974000	+	0	0	20	44	0	0	0	1	0	1
m84046_250512_213358_s2/165085914/ccs	eve	chr2R	9974000	+	0	0	8	107	0	0	0	0	0	1
m84046_250512_213358_s2/90506044/ccs	eve	chr2R	9974000	+	0	0	6	21	0	0	0	1	0	0
m84046_250512_213358_s2/217320000/ccs	eve	chr2R	9974000	+	0	1	12	68	1	2	1	1	0	1
m84046_250512_213358_s2/159975262/ccs	eve	chr2R	9974000	+	0	0	3	11	0	0	1	1	0	0
m84046_250512_213358_s2/202050051/ccs	eve	chr2R	9974000	+	0	0	6	63	0	0	0	0	0	1
m84046_250512_213358_s2/156633835/ccs	eve	chr2R	9974000	+	0	0	1	50	0	0	0	1	0	1
m84046_250512_213358_s2/267126436/ccs	eve	chr2R	9974000	+	0	0	2	37	0	0	0	0	0	1
m84046_250512_213358_s2/50598753/ccs	eve	chr2R	9974000	+	0	0	7	55	0	1	0	0	0	1
m84046_250512_213358_s2/175178621/ccs	eve	chr2R	9974000	+	0	0	8	66	0	0	0	0	0	0
m84046_250512_213358_s2/230228788/ccs	eve	chr2R	9974000	+	0	0	4	10	0	0	1	1	0	0
m84046_250512_213358_s2/66260043/ccs	eve	chr2R	9974000	+	0	0	2	29	0	0	0	0	0	0
m84046_250512_213358_s2/46929645/ccs	eve	chr2R	9974000	+	0	1	7	57	0	0	0	1	0	1
m84046_250512_213358_s2/91818259/ccs	eve	chr2R	9974000	+	0	0	3	3	0	0	0	0	0	0
m84046_250512_213358_s2/147719581/ccs	eve	chr2R	9974000	+	0	1	3	30	0	0	1	1	0	1
m84046_250512_213358_s2/260506734/ccs	eve	chr2R	9974000	+	0	0	10	21	1	0	0	0	0	0
m84046_250512_213358_s2/54989369/ccs	eve	chr2R	9974000	+	0	0	12	51	0	0	1	1	0	1
m84046_250512_213358_s2/228983344/ccs	ftz	chr3R	6855000	+	0	0	6	34	0	0	0	0	1	1
m84046_250512_213358_s2/31330801/ccs	ftz	chr3R	6855000	+	0	0	8	32	0	0	0	0	1	1
m84046_250512_213358_s2/51971150/ccs	ftz	chr3R	6855000	+	0	0	1	14	0	0	0	0	1	1
m84046_250512_213358_s2/60686465/ccs	ftz	chr3R	6855000	+	0	0	14	96	0	1	0	1	1	1
m84046_250512_213358_s2/128256555/ccs	ftz	chr3R	6855000	+	0	1	8	27	0	1	0	0	0	0
m84046_250512_213358_s2/208738132/ccs	ftz	chr3R	6855000	+	0	0	0	54	0	0	0	1	1	1
m84046_250512_213358_s2/161614804/ccs	ftz	chr3R	6855000	+	0	0	7	60	0	0	0	0	1	1
m84046_250512_213358_s2/130680059/ccs	ftz	chr3R	6855000	+	0	0	3	69	0	0	0	0	0	1
m84046_250512_213358_s2/46994123/ccs	ftz	chr3R	6855000	+	0	0	3	57	0	0	0	0	0	1
m84046_250512_213358_s2/109446905/ccs	ftz	chr3R	6855000	+	0	0	7	69	0	0	0	0	0	1
m84046_250512_213358_s2/167838364/ccs	ftz	chr3R	6855000	+	0	0	5	22	0	0	0	0	1	1
m84046_250512_213358_s2/51450600/ccs	ftz	chr3R	6855000	+	0	0	2	10	0	0	0	0	1	1
m84046_250512_213358_s2/2753338/ccs	ftz	chr3R	6855000	+	0	0	8	32	0	0	0	0	0	0
m84046_250512_213358_s2/64619730/ccs	ftz	chr3R	6855000	+	0	0	2	19	0	0	0	0	0	1
m84046_250512_213358_s2/168367957/ccs	ftz	chr3R	6855000	+	0	0	1	7	0	0	0	0	1	1
m84046_250512_213358_s2/45027196/ccs	ftz	chr3R	6855000	+	0	1	4	49	0	0	0	1	1	1
m84046_250512_213358_s2/108729276/ccs	ftz	chr3R	6855000	+	0	0	1	37	0	1	0	0	0	0
m84046_250512_213358_s2/133371797/ccs	ftz	chr3R	6855000	+	0	0	5	16	0	0	0	0	0	0
m84046_250512_213358_s2/148637295/ccs	ftz	chr3R	6855000	+	0	1	4	44	0	1	0	0	0	1
m84046_250512_213358_s2/71046457/ccs	ftz	chr3R	6855000	+	0	0	3	35	0	1	0	0	1	1
m84046_250512_213358_s2/261296143/ccs	ftz	chr3R	6855000	+	0	0	8	56	0	1	0	1	1	1
m84046_250512_213358_s2/44696869/ccs	ftz	chr3R	6855000	+	0	0	5	25	0	0	0	0	0	1
m84046_250512_213358_s2/66129257/ccs	ftz	chr3R	6855000	+	0	0	5	67	0	1	0	0	0	1
m84046_250512_213358_s2/181668995/ccs	ftz	chr3R	6855000	+	0	0	4	47	0	0	0	1	0	1
m84046_250512_213358_s2/140903225/ccs	ftz	chr3R	6855000	+	0	0	1	46	0	0	0	0	1	1
m84046_250512_213358_s2/212932092/ccs	ftz	chr3R	6855000	+	0	0	8	20	0	0	1	1	0	0
m84046_250512_213358_s2/243339200/ccs	ftz	chr3R	6855000	+	0	1	4	34	0	0	0	1	1	1
m84046_250512_213358_s2/89197672/ccs	ftz	chr3R	6855000	+	0	0	4	13	0	1	1	1	1	1
m84046_250512_213358_s2/39128734/ccs	ftz	chr3R	6855000	+	0	0	7	31	0	0	0	0	0	0
m84046_250512_213358_s2/221908559/ccs	ftz	chr3R	6855000	+	0	0	6	69	0	0	0	1	0	1
m84046_250512_213358_s2/38670446/ccs	ftz	chr3R	6855000	+	0	0	4	41	0	1	0	1	1	1
m84046_250512_213358_s2/187175101/ccs	ftz	chr3R	6855000	+	0	0	4	36	1	0	0	1	1	1
m84046_250512_213358_s2/188421260/ccs	ftz	chr3R	6855000	+	0	0	4	87	0	0	0	1	0	1
m84046_250512_213358_s2/239275543/ccs	ftz	chr3R	6855000	+	0	0	1	47	0	1	0	1	0	1
m84046_250512_213358_s2/142546399/ccs	ftz	chr3R	6855000	+	0	0	2	13	0	0	0	0	0	0
m84046_250512_213358_s2/50529089/ccs	ftz	chr3R	6855000	+	0	0	3	37	0	0	0	1	1	1
m84046_250512_213358_s2/9374430/ccs	ftz	chr3R	6855000	+	0	0	9	25	0	0	0	0	0	0
m84046_250512_213358_s2/63703334/ccs	ftz	chr3R	6855000	+	0	0	3	40	0	0	0	0	0	1
m84046_250512_213358_s2/179376259/ccs	ftz	chr3R	6855000	+	0	0	5	41	0	0	0	1	0	0
m84046_250512_213358_s2/142871578/ccs	ftz	chr3R	6855000	+	0	0	2	29	0	0	0	0	1	1
m84046_250512_213358_s2/62131173/ccs	ftz	chr3R	6855000	+	0	0	6	21	0	0	0	0	0	0
m84046_250512_213358_s2/184423617/ccs	ftz	chr3R	6855000	+	0	0	0	5	0	0	0	0	0	0
m84046_250512_213358_s2/42407410/ccs	ftz	chr3R	6855000	+	0	0	2	6	0	0	0	0	1	1
m84046_250512_213358_s2/162531527/ccs	ftz	chr3R	6855000	+	0	0	8	40	0	0	0	0	0	1
m84046_250512_213358_s2/211157258/ccs	ftz	chr3R	6855000	+	0	0	2	36	0	0	0	1	0	1
m84046_250512_213358_s2/257231541/ccs	ftz	chr3R	6855000	+	0	1	7	51	0	2	0	1	0	1
m84046_250512_213358_s2/80808210/ccs	ftz	chr3R	6855000	+	0	0	12	27	0	0	0	0	0	0
m84046_250512_213358_s2/216600931/ccs	ftz	chr3R	6855000	+	0	0	4	21	0	0	0	0	0	0
m84046_250512_213358_s2/170396957/ccs	ftz	chr3R	6855000	+	0	1	5	25	0	0	0	0	1	1
m84046_250512_213358_s2/109513366/ccs	ftz	chr3R	6855000	+	0	0	7	14	0	0	1	1	1	1
m84046_250512_213358_s2/249431675/ccs	ftz	chr3R	6855000	+	0	0	5	42	0	0	0	0	1	1
m84046_250512_213358_s2/160434150/ccs	ftz	chr3R	6855000	+	0	0	17	83	0	0	0	0	0	0
m84046_250512_213358_s2/201201536/ccs	ftz	chr3R	6855000	+	0	0	11	79	0	0	0	0	0	1
m84046_250512_213358_s2/245436175/ccs	ftz	chr3R	6855000	+	0	0	4	8	0	0	0	0	1	1
m84046_250512_213358_s2/70516950/ccs	ftz	chr3R	6855000	+	0	0	1	17	1	0	0	0	0	0
m84046_250512_213358_s2/129111170/ccs	ftz	chr3R	6855000	+	0	0	6	44	0	0	0	0	0	1
m84046_250512_213358_s2/62526598/ccs	ftz	chr3R	6855000	+	0	0	5	32	0	1	0	0	1	1
m84046_250512_213358_s2/227805639/ccs	ftz	chr3R	6855000	+	0	0	0	5	0	0	0	0	0	0
m84046_250512_213358_s2/108397373/ccs	ftz	chr3R	6855000	+	0	0	5	38	0	0	0	0	1	1
m84046_250512_213358_s2/9831479/ccs	ftz	chr3R	6855000	+	0	0	8	26	0	0	0	0	0	0
m84046_250512_213358_s2/25035453/ccs	ftz	chr3R	6855000	+	0	0	2	47	0	2	0	0	1	1
m84046_250512_213358_s2/255262829/ccs	ftz	chr3R	6855000	+	0	0	16	51	0	0	0	0	0	1
m84046_250512_213358_s2/16323508/ccs	ftz	chr3R	6855000	+	0	0	10	50	0	0	0	0	0	0
m84046_250512_213358_s2/174065164/ccs	ftz	chr3R	6855000	+	0	0	1	21	0	0	0	0	0	0
m84046_250512_213358_s2/114033068/ccs	ftz	chr3R	6855000	+	0	0	6	47	0	0	0	0	0	1
m84046_250512_213358_s2/230428709/ccs	ftz	chr3R	6855000	+	0	0	2	38	0	0	0	1	0	1
m84046_250512_213358_s2/95292588/ccs	ftz	chr3R	6855000	+	0	0	7	50	0	0	0	0	0	0
m84046_250512_213358_s2/51648429/ccs	ftz	chr3R	6855000	+	0	0	13	24	0	0	0	1	1	1
m84046_250512_213358_s2/11275016/ccs	ftz	chr3R	6855000	+	0	0	3	39	0	0	0	1	0	1
m84046_250512_213358_s2/196023710/ccs	ftz	chr3R	6855000	+	0	0	11	43	0	0	0	0	0	1
m84046_250512_213358_s2/91099440/ccs	ftz	chr3R	6855000	+	0	0	6	20	0	0	0	1	0	0
m84046_250512_213358_s2/100926292/ccs	ftz	chr3R	6855000	+	0	0	2	47	0	0	0	0	0	0
m84046_250512_213358_s2/204998287/ccs	ftz	chr3R	6855000	+	0	0	4	13	0	0	0	0	0	0
m84046_250512_213358_s2/231674020/ccs	ftz	chr3R	6855000	+	0	0	4	44	0	1	0	1	0	1
m84046_250512_213358_s2/256972032/ccs	ftz	chr3R	6855000	+	0	0	2	7	0	0	0	0	0	0
m84046_250512_213358_s2/76090443/ccs	ftz	chr3R	6855000	+	0	0	12	45	0	0	0	1	0	0
m84046_250512_213358_s2/123864565/ccs	ftz	chr3R	6855000	+	0	0	1	13	0	0	0	0	0	0
m84046_250512_213358_s2/192873640/ccs	ftz	chr3R	6855000	+	0	0	4	29	0	1	0	1	0	1
m84046_250512_213358_s2/226756608/ccs	ftz	chr3R	6855000	+	0	0	0	46	0	0	0	0	0	1
m84046_250512_213358_s2/117052237/ccs	ftz	chr3R	6855000	+	0	0	4	30	0	0	0	0	0	0
m84046_250512_213358_s2/149293994/ccs	ftz	chr3R	6855000	+	0	0	6	14	0	0	0	0	0	0
m84046_250512_213358_s2/58000743/ccs	ftz	chr3R	6855000	+	0	0	6	15	0	0	0	0	0	0
m84046_250512_213358_s2/107351646/ccs	ftz	chr3R	6855000	+	0	0	4	13	0	0	0	0	0	0
m84046_250512_213358_s2/116461310/ccs	ftz	chr3R	6855000	+	0	0	3	46	0	0	0	0	0	1
m84046_250512_213358_s2/116921729/ccs	ftz	chr3R	6855000	+	1	0	28	105	0	1	0	1	0	1
m84046_250512_213358_s2/151847996/ccs	ftz	chr3R	6855000	+	0	0	4	3	0	0	0	0	0	0
m84046_250512_213358_s2/26020785/ccs	ftz	chr3R	6855000	+	0	0	3	11	0	0	0	0	0	0
m84046_250512_213358_s2/41749993/ccs	ftz	chr3R	6855000	+	0	0	7	16	0	0	0	0	0	1
m84046_250512_213358_s2/31198515/ccs	ftz	chr3R	6855000	+	0	0	3	28	0	0	0	1	0	0
m84046_250512_213358_s2/264308931/ccs	ftz	chr3R	6855000	+	0	1	1	29	1	0	0	1	0	0
m84046_250512_213358_s2/14550762/ccs	ftz	chr3R	6855000	+	0	0	4	8	0	0	0	0	0	0
m84046_250512_213358_s2/122162330/ccs	ftz	chr3R	6855000	+	0	0	6	38	0	0	0	0	0	1
m84046_250512_213358_s2/254019919/ccs	ftz	chr3R	6855000	+	0	0	3	17	0	0	0	0	0	0
m84046_250512_213358_s2/243863721/ccs	ftz	chr3R	6855000	+	0	0	6	5	0	0	0	0	0	0
m84046_250512_213358_s2/96801001/ccs	ftz	chr3R	6855000	+	0	0	5	16	0	0	0	0	0	0
m84046_250512_213358_s2/135663698/ccs	ftz	chr3R	6855000	+	0	1	2	36	0	0	0	0	0	1
m84046_250512_213358_s2/126222931/ccs	ftz	chr3R	6855000	+	0	0	9	34	0	0	0	0	0	0
m84046_250512_213358_s2/112268666/ccs	ftz	chr3R	6855000	+	0	0	5	28	0	0	0	0	0	0
m84046_250512_213358_s2/224789380/ccs	ftz	chr3R	6855000	+	0	0	3	39	0	2	0	1	0	0
m84046_250512_213358_s2/255528635/ccs	ftz	chr3R	6855000	+	0	0	3	13	0	0	0	0	0	0
m84046_250512_213358_s2/130221900/ccs	ftz	chr3R	6855000	+	0	0	1	33	0	2	0	1	0	1
m84046_250512_213358_s2/60623197/ccs	ftz	chr3R	6855000	+	0	0	7	50	0	1	0	1	0	1
m84046_250512_213358_s2/96929744/ccs	ftz	chr3R	6855000	+	0	0	3	38	0	1	0	0	0	1
m84046_250512_213358_s2/124325327/ccs	ftz	chr3R	6855000	+	0	0	16	42	0	1	0	0	0	0
m84046_250512_213358_s2/266540350/ccs	ftz	chr3R	6855000	+	0	0	6	55	0	0	0	1	0	1
m84046_250512_213358_s2/55771508/ccs	ftz	chr3R	6855000	+	0	0	7	53	0	0	0	1	0	1
m84046_250512_213358_s2/129108929/ccs	ftz	chr3R	6855000	+	0	0	6	47	0	0	0	1	0	1
m84046_250512_213358_s2/96667280/ccs	ftz	chr3R	6855000	+	0	0	1	17	0	0	0	1	0	1
m84046_250512_213358_s2/99816510/ccs	ftz	chr3R	6855000	+	0	0	3	29	0	0	0	1	0	0
m84046_250512_213358_s2/151393144/ccs	ftz	chr3R	6855000	+	0	0	4	9	0	0	0	0	0	0
m84046_250512_213358_s2/76677243/ccs	ftz	chr3R	6855000	+	0	1	2	42	1	0	1	0	0	1
m84046_250512_213358_s2/118363859/ccs	ftz	chr3R	6855000	+	0	0	12	45	0	1	0	0	0	0
m84046_250512_213358_s2/61277738/ccs	ftz	chr3R	6855000	+	0	0	7	64	0	0	0	1	0	1
m84046_250512_213358_s2/155326332/ccs	ftz	chr3R	6855000	+	0	0	3	32	0	0	0	1	0	1
m84046_250512_213358_s2/176817850/ccs	ftz	chr3R	6855000	+	0	0	4	13	0	0	0	0	0	0
m84046_250512_213358_s2/254411242/ccs	ftz	chr3R	6855000	+	0	0	3	83	0	1	0	0	0	1
m84046_250512_213358_s2/54266638/ccs	ftz	chr3R	6855000	+	0	0	12	15	0	0	0	0	0	0
m84046_250512_213358_s2/53743989/ccs	ftz	chr3R	6855000	+	0	0	2	32	0	0	0	0	0	1
m84046_250512_213358_s2/110040446/ccs	ftz	chr3R	6855000	+	0	0	3	6	0	0	0	0	0	0
m84046_250512_213358_s2/245499277/ccs	ftz	chr3R	6855000	+	0	0	10	23	0	0	1	0	0	1
m84046_250512_213358_s2/243929300/ccs	ftz	chr3R	6855000	+	0	0	12	69	0	0	0	1	0	1
m84046_250512_213358_s2/178720080/ccs	ftz	chr3R	6855000	+	0	0	5	34	0	0	0	0	0	0
m84046_250512_213358_s2/232657690/ccs	ftz	chr3R	6855000	+	0	0	17	52	0	0	0	1	0	1
m84046_250512_213358_s2/19272984/ccs	ftz	chr3R	6855000	+	0	0	1	12	0	0	0	0	0	0
m84046_250512_213358_s2/68551430/ccs	ftz	chr3R	6855000	+	0	0	4	44	0	0	0	0	0	1
m84046_250512_213358_s2/43975845/ccs	ftz	chr3R	6855000	+	0	0	6	30	0	0	0	0	0	0
m84046_250512_213358_s2/61740014/ccs	ftz	chr3R	6855000	+	0	1	8	118	0	1	0	1	0	1
m84046_250512_213358_s2/222232667/ccs	ftz	chr3R	6855000	+	0	0	7	25	0	0	0	0	0	0
m84046_250512_213358_s2/123344850/ccs	ftz	chr3R	6855000	+	0	1	7	56	0	2	0	1	0	1
m84046_250512_213358_s2/157357629/ccs	ftz	chr3R	6855000	+	0	0	9	71	0	0	0	0	0	1
m84046_250512_213358_s2/198249721/ccs	ftz	chr3R	6855000	+	0	0	6	21	0	0	0	0	0	0
m84046_250512_213358_s2/115936449/ccs	ftz	chr3R	6855000	+	0	0	8	70	0	0	0	0	0	1
m84046_250512_213358_s2/133301235/ccs	ftz	chr3R	6855000	+	0	0	11	62	0	0	0	0	0	0
m84046_250512_213358_s2/63180575/ccs	ftz	chr3R	6855000	+	0	0	4	16	0	0	0	0	0	0
m84046_250512_213358_s2/219157653/ccs	ftz	chr3R	6855000	+	0	0	2	44	0	0	0	0	0	1
m84046_250512_213358_s2/253694722/ccs	ftz	chr3R	6855000	+	0	0	4	8	0	0	0	0	0	0
m84046_250512_213358_s2/114494124/ccs	ftz	chr3R	6855000	+	0	0	3	23	0	0	0	0	0	0
m84046_250512_213358_s2/167117814/ccs	ftz	chr3R	6855000	+	0	0	2	38	0	0	0	0	0	0
m84046_250512_213358_s2/115020359/ccs	ftz	chr3R	6855000	+	0	0	3	8	0	0	0	0	0	0
m84046_250512_213358_s2/71895031/ccs	ftz	chr3R	6855000	+	0	0	7	47	0	0	0	0	0	0
m84046_250512_213358_s2/112923419/ccs	ftz	chr3R	6855000	+	0	1	1	47	0	1	0	1	0	1
m84046_250512_213358_s2/69011911/ccs	ftz	chr3R	6855000	+	0	0	10	36	0	0	0	0	0	1
m84046_250512_213358_s2/228988253/ccs	ftz	chr3R	6855000	+	0	0	8	18	0	0	0	0	0	0
m84046_250512_213358_s2/195691031/ccs	ftz	chr3R	6855000	+	0	0	1	17	0	1	0	0	0	0
m84046_250512_213358_s2/133370599/ccs	ftz	chr3R	6855000	+	0	0	4	31	0	0	0	0	0	0
m84046_250512_213358_s2/96928034/ccs	ftz	chr3R	6855000	+	0	0	3	3	0	0	0	0	0	0
m84046_250512_213358_s2/72487462/ccs	ftz	chr3R	6855000	+	0	0	5	13	0	0	0	0	0	0
m84046_250512_213358_s2/179833381/ccs	ftz	chr3R	6855000	+	0	0	15	33	0	1	0	1	0	0
m84046_250512_213358_s2/148899458/ccs	ftz	chr3R	6855000	+	0	0	4	55	0	0	0	0	0	0
m84046_250512_213358_s2/100274649/ccs	ftz	chr3R	6855000	+	0	0	2	25	0	0	0	0	0	0
m84046_250512_213358_s2/201528071/ccs	ftz	chr3R	6855000	+	0	0	2	68	0	0	0	0	0	1
m84046_250512_213358_s2/163120161/ccs	ftz	chr3R	6855000	+	0	0	8	16	0	1	0	0	0	0
m84046_250512_213358_s2/180224971/ccs	ftz	chr3R	6855000	+	0	0	8	62	0	0	0	1	0	1
m84046_250512_213358_s2/63705489/ccs	ftz	chr3R	6855000	+	0	0	18	46	0	0	0	0	0	1
m84046_250512_213358_s2/83757264/ccs	ftz	chr3R	6855000	+	0	0	12	68	0	0	0	0	0	0
m84046_250512_213358_s2/244845069/ccs	ftz	chr3R	6855000	+	0	0	4	12	0	0	0	0	0	0
m84046_250512_213358_s2/100795463/ccs	ftz	chr3R	6855000	+	0	0	2	7	0	0	0	0	0	0
m84046_250512_213358_s2/204277373/ccs	ftz	chr3R	6855000	+	0	0	4	29	0	0	1	0	0	1
m84046_250512_213358_s2/65929667/ccs	ftz	chr3R	6855000	+	0	0	3	33	0	1	0	0	0	1
m84046_250512_213358_s2/188355514/ccs	ftz	chr3R	6855000	+	0	0	5	20	0	0	0	0	0	0
m84046_250512_213358_s2/55968328/ccs	ftz	chr3R	6855000	+	0	0	9	52	0	0	0	0	0	0
m84046_250512_213358_s2/135399471/ccs	ftz	chr3R	6855000	+	0	0	11	110	0	0	0	0	0	1
m84046_250512_213358_s2/246219653/ccs	ftz	chr3R	6855000	+	0	0	3	50	0	0	0	0	0	0
m84046_250512_213358_s2/243012727/ccs	ftz	chr3R	6855000	+	0	0	3	44	0	0	0	0	0	1
m84046_250512_213358_s2/176621531/ccs	ftz	chr3R	6855000	+	0	0	7	51	0	0	0	0	0	1
m84046_250512_213358_s2/159782786/ccs	ftz	chr3R	6855000	+	0	0	0	37	1	1	0	0	0	1
m84046_250512_213358_s2/225449401/ccs	ftz	chr3R	6855000	+	0	0	12	52	0	2	0	0	0	1
m84046_250512_213358_s2/23724790/ccs	ftz	chr3R	6855000	+	0	0	8	55	0	0	0	0	0	1
m84046_250512_213358_s2/193074637/ccs	ftz	chr3R	6855000	+	0	0	4	9	0	0	0	0	0	0
m84046_250512_213358_s2/11668078/ccs	ftz	chr3R	6855000	+	0	0	11	40	0	0	0	0	0	0
m84046_250512_213358_s2/83951941/ccs	ftz	chr3R	6855000	+	0	0	17	45	0	0	0	0	0	0
m84046_250512_213358_s2/229839774/ccs	ftz	chr3R	6855000	+	0	0	6	22	0	0	0	0	0	0
m84046_250512_213358_s2/194778788/ccs	ftz	chr3R	6855000	+	0	0	8	54	0	0	0	1	0	1
m84046_250512_213358_s2/257232190/ccs	ftz	chr3R	6855000	+	0	0	1	80	0	1	0	1	0	1
m84046_250512_213358_s2/99357256/ccs	ftz	chr3R	6855000	+	0	0	4	26	1	0	0	0	0	1
m84046_250512_213358_s2/252186026/ccs	ftz	chr3R	6855000	+	0	0	1	58	0	0	0	0	0	0
m84046_250512_213358_s2/244516418/ccs	ftz	chr3R	6855000	+	0	0	5	40	0	0	0	0	0	0
m84046_250512_213358_s2/197989250/ccs	ftz	chr3R	6855000	+	0	0	6	74	0	0	0	1	0	1
