label	group	reads	query_bp	nuc_fraction	msp_fraction	unannotated_fraction	nuc_per_kb	msp_per_kb	per_read_nuc_fraction_median	per_read_msp_fraction_median	nuc_length_p25	nuc_length_median	nuc_length_p75	nuc_length_p90	msp_length_p25	msp_length_median	msp_length_p75	msp_length_p90
ont_early_topology	overall	2985	44419502	0.8205018597461988	0.13161070558602841	0.04788743466777268	2.7964743954130777	0.8701583372096338	0.808	0.13498057833405266	140.0	177.0	309.0	517.0	76.0	105.0	180.0	291.90000000000146
ont_early_topology	train	1363	20475039	0.8202739442889462	0.13160551244859656	0.048120543262457294	2.799701626941956	0.8705233723852736	0.8105263157894737	0.12845528455284552	140.0	177.0	308.0	514.0	76.0	104.0	179.0	291.0
ont_early_topology	holdout	1622	23944463	0.8206967514786195	0.1316151462657567	0.04768810225562381	2.793714772388088	0.869846193669075	0.8065246087100499	0.13832005276053644	140.0	178.0	309.0	519.0	76.0	105.0	180.0	292.0
ont_early_topology	chr2L_03	403	5932136	0.8149098402329279	0.13706226559876578	0.04802789416830633	2.8010146766695843	0.8823128802171765	0.8028201365405474	0.13651137594799567	138.0	175.0	299.0	499.0	77.25	106.0	187.0	301.6999999999998
ont_early_topology	chr2L_07	459	6345247	0.8077524799271013	0.14601007651869186	0.04623744355420678	2.794217467026894	0.9378673517358741	0.8061016949152542	0.1408614668218859	138.0	177.0	306.0	523.0	78.0	108.0	186.0	300.0
ont_early_topology	chr2R_08	347	5081731	0.8133330945695473	0.13716979509541138	0.04949711033504134	2.9072770675976356	0.9213395986525064	0.8197200917213568	0.12845528455284552	139.0	178.0	306.0	510.0	77.0	105.0	178.0	285.0
ont_early_topology	chr2R_12	386	6563212	0.8262445278317995	0.12464735254628374	0.04910811962191686	2.807009738524369	0.846079632960203	0.8068363325468433	0.1334788755972776	142.0	177.0	309.0	513.0	75.0	103.0	175.0	283.0
ont_early_topology	chr3L_14	362	5201654	0.8037614574133535	0.1502856591384202	0.045952883448226234	2.783345451273768	0.9525816211535792	0.7749720112755842	0.16193781649269384	137.0	174.0	299.0	494.0	78.0	107.0	189.0	305.0
ont_early_topology	chr3L_19	415	5654768	0.8308514160085789	0.12170331302716575	0.047445270964255326	2.7714664863350715	0.8159485941775153	0.8183134274339486	0.12842677204247963	142.0	183.0	321.0	536.0	76.0	104.0	175.0	288.0
ont_early_topology	chr3R_23	251	4259518	0.8561898318072608	0.09455576898606838	0.04925439920667085	2.6895061835634926	0.6932709287764485	0.85107332032339	0.09332587099482301	147.0	181.0	332.0	563.0	73.0	97.0	155.0	259.0
ont_early_topology	chr3R_29	362	5381236	0.8185227334389349	0.13355537649714674	0.04792189006391845	2.8002860309415905	0.8752636011503677	0.7940768079397031	0.1419206669590411	139.0	176.0	300.0	504.0	77.0	105.0	180.0	292.0
ont_late_topology	overall	3623	50409627	0.8296548593783485	0.11599341927287024	0.0543517213487813	3.02458099918097	0.8492028715070635	0.8249927049897869	0.11211396259243149	137.0	171.0	293.0	485.0	74.0	97.0	158.0	256.0
ont_late_topology	train	1666	23367119	0.8280362675432945	0.11624569550058782	0.055718036956117656	3.0606254883197197	0.854576894995057	0.8220553631248807	0.11345919698885545	137.0	169.0	287.0	472.0	73.0	96.0	157.0	254.0
ont_late_topology	holdout	1957	27042508	0.8310534658989469	0.11577543029662782	0.053171103804425246	2.9934353721925495	0.8445592398456534	0.8267614738202973	0.11074130105900151	138.0	173.0	298.0	495.0	74.0	98.0	159.0	258.0
ont_late_topology	chr2L_03	472	6474493	0.8261883980722506	0.11840124006621058	0.055410361861538804	3.051667520530179	0.8607623793863087	0.824292713766398	0.11361074054669608	136.0	168.0	282.0	463.0	73.0	96.0	160.0	261.8000000000002
ont_late_topology	chr2L_07	528	6949715	0.8220629191268994	0.1226704979988388	0.05526658287426178	3.1219985279971914	0.8998930171956692	0.8259585905710531	0.11569701119989843	137.0	171.0	291.0	474.0	74.0	98.0	159.0	257.6999999999998
ont_late_topology	chr2R_08	433	5380189	0.8249081956042809	0.12033833755654309	0.054753466839176146	3.0402277689501243	0.8897456948073758	0.8291906306593166	0.11069767441860465	135.0	167.0	287.0	469.0	74.0	97.0	157.0	253.0
ont_late_topology	chr2R_12	517	7931817	0.8360317692654785	0.11140599940719761	0.05256223132732385	2.9481265137609705	0.8290660261072589	0.8173038229376257	0.11263765481634745	138.0	171.0	295.0	491.0	74.0	97.0	154.25	254.0
ont_late_topology	chr3L_14	444	6421469	0.822863896096049	0.1210224638630195	0.056113640040931445	3.1223385178687306	0.8932535530421466	0.8061306486723898	0.1322306258575818	136.0	169.0	284.0	464.0	74.0	96.0	157.0	250.0
ont_late_topology	chr3L_19	568	6468367	0.831535687446306	0.11794692539863616	0.050517387155057825	2.9115540290153605	0.8385424018148631	0.8334629105044287	0.1116553910653563	139.0	178.0	310.0	516.0	76.0	102.0	167.0	260.0
ont_late_topology	chr3R_23	317	5090968	0.840216241783488	0.10315405636020497	0.05662970185630711	3.0157329608043106	0.7607590540738028	0.8389084507042254	0.09678510998307953	140.0	173.0	303.0	500.0	72.0	96.0	154.0	255.0
ont_late_topology	chr3R_29	344	5692609	0.8345449336147978	0.11097846347781834	0.054476602907383986	2.9926524024397247	0.8054303395859438	0.8265812755210559	0.1011111450383965	138.0	172.0	298.0	503.0	73.0	96.0	157.0	260.60000000000036
pacbio_current_norecall	overall	6220	130366713	0.8296383985688126	0.11114658540175053	0.06032101921600186	3.2466186364612875	0.9052387475628076	0.8261604542312959	0.10024536976392745	141.0	163.0	284.0	446.0	71.0	89.0	131.0	223.0
pacbio_current_norecall	train	2847	60103078	0.8258016502915209	0.11235296468510315	0.06288247001260072	3.3204123090002144	0.9226316163042432	0.8225689929200982	0.10025418982379045	140.0	161.0	273.0	420.0	70.0	88.0	130.0	220.0
pacbio_current_norecall	holdout	3373	70263635	0.8329203292713222	0.11011465603793484	0.05812997007627063	3.1834959862238836	0.890360995413915	0.8293053078878476	0.10023622892730592	141.0	165.0	291.0	467.0	71.0	89.0	132.0	226.0
pacbio_current_norecall	chr2L_03	671	14059022	0.8225279823873951	0.11216761734920111	0.06637460272841167	3.4001653884601644	0.9150707638127318	0.814617111499127	0.1050836949783013	138.0	159.0	259.0	395.0	71.0	88.0	132.0	223.0
pacbio_current_norecall	chr2L_07	810	16924213	0.8247460605701429	0.12044530519676158	0.05609418884056827	3.16581929097678	0.9411368197741307	0.8207955694163478	0.10993648527664995	141.0	165.0	293.0	471.0	73.0	94.0	143.0	231.0
pacbio_current_norecall	chr2R_08	707	14823367	0.8212381168192084	0.11947218199481939	0.06041569368146926	3.265519905160548	0.9584866919910976	0.820448307410796	0.10634428158767519	139.0	162.0	282.0	435.0	71.0	88.0	133.0	234.0
pacbio_current_norecall	chr2R_12	935	19423251	0.8420113605080839	0.09979580658253348	0.0593332187284199	3.1989495476323713	0.8315806658730817	0.8418109346183592	0.08541203589363629	142.0	165.0	292.75	476.0	70.0	86.0	127.0	217.0
pacbio_current_norecall	chr3L_14	789	16788352	0.8197832640154317	0.11902353488895158	0.06236097503793103	3.3451764652063525	0.9667417028187162	0.8155245838172668	0.10897570171763721	139.0	161.0	268.0	416.0	71.0	90.0	134.0	218.0
pacbio_current_norecall	chr3L_19	875	18268175	0.8231179086033498	0.12311727909328656	0.0550660369741367	3.1119693127529158	0.9309085335563076	0.8170355841972541	0.11711393596986817	141.0	166.0	296.0	470.0	72.0	92.0	142.0	254.0
pacbio_current_norecall	chr3R_23	680	14432337	0.8406786787198774	0.09746190100743905	0.06262090470864146	3.2702950326062923	0.8418594992619698	0.8443022669273355	0.07903301434646788	142.0	164.0	283.0	435.0	69.0	84.0	119.0	202.0
pacbio_current_norecall	chr3R_29	753	15647996	0.841920716237402	0.09657000167944828	0.06241521278507489	3.2669359066809576	0.8610687272670571	0.8371792712368761	0.08605577689243028	142.0	164.0	281.0	440.0	69.25	85.0	118.0	191.0
