offset	hit_density
-120	112.6249
-119	114.0667
-118	114.2571
-117	118.4520
-116	115.9627
-115	119.1175
-114	121.3299
-113	118.6797
-112	122.3672
-111	122.8819
-110	118.6605
-109	118.1915
-108	115.4169
-107	120.7147
-106	119.9232
-105	118.3379
-104	117.2842
-103	122.5215
-102	124.7740
-101	125.7610
-100	123.5153
-99	119.1124
-98	117.6893
-97	115.8266
-96	114.8232
-95	115.2153
-94	115.2667
-93	119.6599
-92	120.9277
-91	123.0186
-90	124.3452
-89	121.5644
-88	115.1723
-87	115.2616
-86	112.1847
-85	114.3424
-84	116.6356
-83	119.5932
-82	116.0740
-81	114.0859
-80	111.1452
-79	109.5192
-78	103.6559
-77	102.0463
-76	98.8266
-75	99.4559
-74	97.2989
-73	96.6192
-72	93.5689
-71	95.7266
-70	93.4768
-69	90.1497
-68	88.0000
-67	88.7458
-66	88.3695
-65	91.7085
-64	94.1113
-63	93.1023
-62	91.3164
-61	91.0836
-60	89.5983
-59	90.1893
-58	88.8881
-57	85.9345
-56	83.2667
-55	83.3452
-54	84.0441
-53	85.3531
-52	83.6757
-51	85.7537
-50	84.3949
-49	77.4056
-48	76.8655
-47	75.1475
-46	74.4661
-45	72.2944
-44	71.9695
-43	71.1633
-42	72.1497
-41	74.4079
-40	71.8554
-39	72.9136
-38	71.1124
-37	72.1345
-36	69.8384
-35	65.7898
-34	69.2226
-33	71.9085
-32	72.0763
-31	73.2407
-30	76.3887
-29	73.2198
-28	72.2424
-27	72.0192
-26	71.3814
-25	70.9610
-24	71.2435
-23	69.7870
-22	68.4090
-21	67.3904
-20	68.7627
-19	66.4186
-18	62.7672
-17	65.6684
-16	66.7650
-15	67.2610
-14	66.0412
-13	63.8859
-12	61.8062
-11	58.2463
-10	55.6915
-9	50.5582
-8	49.7260
-7	47.6938
-6	46.1418
-5	44.7706
-4	43.4955
-3	41.6791
-2	36.1294
-1	34.3435
0	27.1734
1	33.8977
2	33.9638
3	37.4226
4	37.4983
5	40.6718
6	45.0282
7	46.5836
8	47.7277
9	54.4548
10	54.6412
11	57.1740
12	61.0107
13	62.0294
14	60.8345
15	62.2633
16	58.8339
17	60.1322
18	59.1746
19	61.2379
20	60.7090
21	60.9017
22	61.8616
23	64.6831
24	59.5571
25	62.4045
26	62.4751
27	63.1045
28	62.4859
29	63.6469
30	64.6944
31	67.0356
32	69.1802
33	70.2073
34	69.7226
35	68.4486
36	67.0395
37	68.9192
38	68.6842
39	70.8582
40	70.2593
41	69.7000
42	72.0508
43	76.6525
44	75.5915
45	75.3164
46	78.1079
47	75.1073
48	76.4718
49	76.1537
50	79.5153
51	80.8486
52	80.5068
53	79.3266
54	78.4401
55	81.3311
56	83.5768
57	82.7650
58	81.3079
59	86.5689
60	88.2650
61	83.6271
62	88.4904
63	90.8870
64	94.1384
65	97.5616
66	98.0056
67	96.7367
68	100.3373
69	101.2994
70	103.7695
71	104.9367
72	102.2734
73	100.8480
74	97.1525
75	99.0638
76	103.1667
77	98.3678
78	91.6593
79	92.4040
80	91.6215
81	93.5559
82	97.3746
83	98.8520
84	99.4678
85	98.3322
86	95.6864
87	100.7678
88	104.2328
89	104.6627
90	105.5215
91	104.4582
92	112.6932
93	116.7627
94	115.7446
95	112.8893
96	108.9831
97	111.0328
98	110.8277
99	114.2186
100	110.9260
101	112.8701
102	108.8678
103	108.2701
104	109.0723
105	107.7910
106	111.5644
107	107.0853
108	109.8040
109	108.8429
110	112.2864
111	113.3548
112	111.0107
113	106.1565
114	102.0989
115	103.2130
116	103.7989
117	107.3277
118	107.7814
119	110.0831
120	111.3339
