label	chrom	position	trough_index	hit_density
NAPA	chr19	47514935	0	124.47
NAPA	chr19	47516522	1	18.47
NAPA	chr19	47517008	2	32.53
UBA1	chrX	47192512	0	0.00
UBA1	chrX	47192922	1	52.00
UBA1	chrX	47193973	2	162.20
UBA1	chrX	47194636	3	81.80
PS01498	chr5	34760973	0	190.87
PS01498	chr5	34761913	1	163.80
PS01498	chr5	34762095	2	187.13
PS01498	chr5	34762367	3	172.07
PS01498	chr5	34762786	4	0.00
PS01499	chr5	34760973	0	170.20
PS01499	chr5	34761372	1	218.00
PS01499	chr5	34761880	2	168.20
PS01499	chr5	34762095	3	183.33
PS01499	chr5	34762367	4	159.07
PS01499	chr5	34762786	5	0.00
PS01500	chr5	34760973	0	188.47
PS01500	chr5	34761372	1	217.33
PS01500	chr5	34761913	2	156.27
PS01500	chr5	34762095	3	194.27
PS01500	chr5	34762367	4	181.40
PS01500	chr5	34762786	5	0.00
PS01530	chr4	3074435	0	52.13
PS01530	chr4	3075424	1	21.07
