offset	count_mean	rate_mean	rate_fp_subtracted	opp_mean
-150	409.8667	0.150694	0.150694	4891.00
-149	391.3333	0.142334	0.142334	0.00
-148	377.7000	0.135151	0.135151	4889.50
-147	369.1000	0.128997	0.128997	2446.00
-146	369.8667	0.125635	0.125635	2442.00
-145	434.4333	0.140282	0.140282	2445.50
-144	450.0000	0.151036	0.151036	0.00
-143	471.2667	0.160674	0.160674	2445.50
-142	467.4667	0.159382	0.159382	4883.00
-141	470.0667	0.151863	0.151863	2446.00
-140	475.1333	0.153500	0.153500	2445.50
-139	498.8667	0.153106	0.153106	2444.50
-138	487.6667	0.149689	0.149689	4890.50
-137	469.8667	0.144227	0.144227	2437.50
-136	487.4333	0.136009	0.136009	4889.50
-135	454.3333	0.132815	0.132815	4890.00
-134	506.9333	0.148174	0.148174	2435.00
-133	555.6333	0.155024	0.155024	4889.50
-132	545.6333	0.159489	0.159489	4890.50
-131	582.8667	0.162621	0.162621	2435.50
-130	536.2667	0.156745	0.156745	2445.00
-129	485.4333	0.148962	0.148962	4890.00
-128	458.8667	0.140804	0.140804	0.00
-127	447.1333	0.137200	0.137200	4889.00
-126	454.6333	0.139517	0.139517	4890.50
-125	451.0000	0.138399	0.138399	0.00
-124	457.3333	0.140341	0.140341	4890.50
-123	496.0000	0.144926	0.144926	2446.50
-122	489.1333	0.150067	0.150067	0.00
-121	519.3000	0.159324	0.159324	4891.50
-120	558.8000	0.163272	0.163272	4891.50
-119	519.3333	0.151739	0.151739	2429.50
-118	505.6667	0.155136	0.155136	4890.50
-117	548.3000	0.152924	0.152924	4891.00
-116	573.0000	0.159812	0.159812	4891.00
-115	593.3000	0.158281	0.158281	0.00
-114	604.1333	0.154453	0.154453	4889.50
-113	581.0333	0.155021	0.155021	2446.50
-112	604.1667	0.161220	0.161220	4889.50
-111	648.4333	0.165783	0.165783	2445.00
-110	631.5000	0.161455	0.161455	4889.00
-109	606.0333	0.161691	0.161691	4891.00
-108	585.1000	0.156103	0.156103	4890.50
-107	620.6000	0.158671	0.158671	2445.50
-106	627.8667	0.160582	0.160582	2441.50
-105	620.3667	0.158670	0.158670	4882.00
-104	660.6000	0.168989	0.168989	4887.50
-103	700.1000	0.171930	0.171930	4890.00
-102	690.4667	0.176631	0.176631	2443.00
-101	631.8333	0.168667	0.168667	4892.00
-100	618.9333	0.172751	0.172751	2446.00
-99	647.3333	0.172823	0.172823	4870.00
-98	658.3000	0.175748	0.175748	2444.50
-97	651.3333	0.173865	0.173865	4879.50
-96	634.7667	0.177141	0.177141	4888.00
-95	658.3000	0.183715	0.183715	2445.50
-94	677.0000	0.180712	0.180712	2445.00
-93	683.5667	0.182466	0.182466	2442.00
-92	695.7667	0.177989	0.177989	4888.00
-91	692.7667	0.177165	0.177165	2442.50
-90	710.2333	0.174360	0.174360	4889.50
-89	665.9333	0.170270	0.170270	2445.50
-88	621.4667	0.158900	0.158900	4888.00
-87	615.7000	0.157424	0.157424	4888.50
-86	606.3333	0.155030	0.155030	4891.50
-85	631.3667	0.154964	0.154964	4887.50
-84	644.8333	0.158274	0.158274	4889.00
-83	663.8667	0.156671	0.156671	4890.50
-82	655.9667	0.161000	0.161000	2444.50
-81	666.4333	0.157277	0.157277	4888.50
-80	623.9667	0.153143	0.153143	2446.00
-79	623.2000	0.152948	0.152948	2444.50
-78	589.5333	0.157272	0.157272	4890.00
-77	553.2667	0.154350	0.154350	4886.50
-76	553.8667	0.154611	0.154611	4890.00
-75	566.2000	0.158052	0.158052	2444.50
-74	558.1667	0.155805	0.155805	4890.50
-73	555.1333	0.154951	0.154951	2444.00
-72	555.6333	0.155092	0.155092	4891.50
-71	585.6333	0.163463	0.163463	0.00
-70	577.6667	0.161236	0.161236	2427.50
-69	535.5000	0.156579	0.156579	4856.50
-68	493.6667	0.151571	0.151571	4891.00
-67	492.5000	0.144010	0.144010	2446.00
-66	457.9667	0.140613	0.140613	4891.00
-65	468.2667	0.136940	0.136940	2445.50
-64	475.1000	0.138940	0.138940	2445.50
-63	525.7333	0.140361	0.140361	4891.00
-62	575.6333	0.147228	0.147228	2445.50
-61	560.9000	0.143382	0.143382	2445.00
-60	525.8333	0.134418	0.134418	4888.00
-59	489.3667	0.130537	0.130537	2446.00
-58	494.3333	0.131862	0.131862	4882.50
-57	466.6000	0.130123	0.130123	4891.00
-56	456.0000	0.121696	0.121696	4891.50
-55	441.3667	0.117792	0.117792	4891.00
-54	446.4000	0.119136	0.119136	4888.50
-53	471.0000	0.120457	0.120457	4891.00
-52	434.6000	0.115976	0.115976	0.00
-51	468.1333	0.124960	0.124960	4891.00
-50	488.8333	0.130470	0.130470	0.00
-49	454.7333	0.126898	0.126898	4863.50
-48	429.0333	0.119731	0.119731	4890.50
-47	380.9000	0.111366	0.111366	2445.00
-46	383.3333	0.112075	0.112075	4892.00
-45	392.8000	0.114843	0.114843	2446.50
-44	423.1667	0.112952	0.112952	2430.00
-43	393.5333	0.109827	0.109827	4889.00
-42	404.5333	0.107983	0.107983	2442.50
-41	432.3667	0.115359	0.115359	4889.00
-40	440.6000	0.117559	0.117559	2445.50
-39	472.2000	0.120738	0.120738	4889.50
-38	458.9333	0.122453	0.122453	4891.00
-37	481.3333	0.123078	0.123078	4891.50
-36	445.1000	0.113783	0.113783	2442.50
-35	398.4000	0.111102	0.111102	2446.00
-34	437.7667	0.116787	0.116787	4889.50
-33	454.2667	0.121183	0.121183	4889.00
-32	488.1667	0.124797	0.124797	4890.50
-31	471.4000	0.125755	0.125755	2445.50
-30	478.2333	0.127577	0.127577	4891.00
-29	456.7000	0.127372	0.127372	2445.50
-28	453.6333	0.126507	0.126507	0.00
-27	442.6333	0.129320	0.129320	4880.50
-26	437.8667	0.127925	0.127925	4891.50
-25	435.7000	0.127292	0.127292	4892.00
-24	434.3667	0.126903	0.126903	2442.50
-23	407.0333	0.124865	0.124865	4891.50
-22	383.3667	0.123801	0.123801	2446.00
-21	409.5333	0.125638	0.125638	2446.50
-20	409.5333	0.125638	0.125638	0.00
-19	370.3000	0.119563	0.119563	4890.50
-18	337.1000	0.114892	0.114892	4889.00
-17	327.4333	0.111634	0.111634	4890.50
-16	362.5333	0.117085	0.117085	0.00
-15	375.0000	0.121112	0.121112	2443.50
-14	366.1667	0.124834	0.124834	4890.50
-13	384.2333	0.131179	0.131179	0.00
-12	386.6333	0.125040	0.125040	2442.50
-11	372.2000	0.120535	0.120535	2446.00
-10	331.8333	0.113450	0.113450	4877.50
-9	286.0000	0.110047	0.110047	4891.00
-8	292.6667	0.105966	0.105966	4891.00
-7	288.8333	0.104570	0.104570	0.00
-6	253.8667	0.097672	0.097672	2384.00
-5	270.0000	0.092299	0.092299	2445.00
-4	270.3000	0.092393	0.092393	4828.00
-3	262.0667	0.094867	0.094867	2444.50
-2	238.3333	0.091653	0.091653	0.00
-1	226.7000	0.087320	0.087320	2445.00
0	171.2000	0.075414	0.075414	2446.50
1	241.8333	0.093194	0.093194	2446.50
2	225.9667	0.086940	0.086940	4891.50
3	270.9000	0.098086	0.098086	2446.50
4	235.0333	0.096325	0.096325	0.00
5	239.3000	0.098074	0.098074	2446.50
6	276.0667	0.099807	0.099807	4828.00
7	277.1667	0.100201	0.100201	0.00
8	305.6667	0.110533	0.110533	4872.00
9	388.9667	0.132827	0.132827	2446.50
10	372.8333	0.143273	0.143273	4886.50
11	392.0333	0.141774	0.141774	0.00
12	392.0333	0.141774	0.141774	2444.50
13	393.3333	0.142260	0.142260	4890.00
14	358.0000	0.137368	0.137368	2446.50
15	382.4333	0.130443	0.130443	2436.00
16	322.7333	0.116506	0.116506	4891.00
17	337.4667	0.115094	0.115094	0.00
18	323.6000	0.110356	0.110356	4890.50
19	369.3333	0.113353	0.113353	0.00
20	401.4333	0.117335	0.117335	2442.00
21	397.1000	0.116067	0.116067	2446.50
22	428.8333	0.119644	0.119644	4885.00
23	437.6000	0.116759	0.116759	2446.50
24	352.0667	0.102888	0.102888	4876.50
25	368.8333	0.098412	0.098412	4890.00
26	361.9000	0.096563	0.096563	4889.00
27	383.0333	0.097943	0.097943	4889.50
28	403.4333	0.099039	0.099039	4890.50
29	419.3667	0.098991	0.098991	4890.50
30	410.9333	0.100872	0.100872	4891.00
31	441.3000	0.104160	0.104160	0.00
32	448.3333	0.110044	0.110044	4890.00
33	440.4000	0.112600	0.112600	4890.00
34	439.7333	0.112428	0.112428	2444.50
35	408.4000	0.108994	0.108994	4882.50
36	412.2667	0.110026	0.110026	4890.50
37	391.0667	0.109114	0.109114	2446.00
38	380.7000	0.106261	0.106261	4890.50
39	394.6333	0.105356	0.105356	2437.50
40	391.0667	0.109153	0.109153	2446.00
41	401.1000	0.111956	0.111956	4889.50
42	408.5333	0.114031	0.114031	2426.00
43	432.8667	0.120815	0.120815	4890.50
44	419.9333	0.122803	0.122803	2446.00
45	423.6333	0.123941	0.123941	4871.00
46	427.6333	0.125116	0.125116	2445.00
47	408.1000	0.119381	0.119381	2445.50
48	404.7333	0.113010	0.113010	4889.00
49	359.6667	0.110482	0.110482	2444.50
50	387.2000	0.118897	0.118897	4886.00
51	396.6000	0.121783	0.121783	2440.50
52	416.0333	0.127757	0.127757	2423.00
53	419.7000	0.135616	0.135616	4888.50
54	429.3667	0.138750	0.138750	2446.00
55	494.0667	0.151672	0.151672	4890.00
56	499.4333	0.161394	0.161394	0.00
57	526.7000	0.161688	0.161688	2443.50
58	466.9667	0.159278	0.159278	4890.50
59	490.3667	0.158445	0.158445	2443.50
60	518.0333	0.158940	0.158940	2446.00
61	491.0333	0.158584	0.158584	2441.50
62	505.5333	0.163277	0.163277	4889.50
63	539.7667	0.174336	0.174336	2444.50
64	596.1333	0.182910	0.182910	4889.50
65	618.7000	0.180785	0.180785	0.00
66	573.0000	0.185062	0.185062	4887.00
67	535.2667	0.182475	0.182475	4889.50
68	549.7000	0.177534	0.177534	2444.50
69	567.5667	0.183287	0.183287	2443.00
70	551.4000	0.178068	0.178068	4889.50
71	541.9000	0.174997	0.174997	2445.50
72	486.0667	0.175433	0.175433	4890.50
73	508.4333	0.173339	0.173339	0.00
74	506.3333	0.172614	0.172614	0.00
75	482.2667	0.174085	0.174085	4890.00
76	523.1000	0.188820	0.188820	2446.00
77	494.5333	0.189658	0.189658	4889.00
78	439.7667	0.179893	0.179893	2445.50
79	402.5333	0.164676	0.164676	0.00
80	358.0333	0.156943	0.156943	2437.50
81	400.0667	0.163705	0.163705	4889.50
82	471.2333	0.170135	0.170135	2444.00
83	485.9333	0.175442	0.175442	2445.50
84	444.4667	0.170509	0.170509	0.00
85	442.8667	0.169889	0.169889	2446.00
86	413.4000	0.169165	0.169165	2442.50
87	468.4000	0.179691	0.179691	2444.00
88	513.8667	0.185496	0.185496	2438.00
89	477.9000	0.195519	0.195519	4889.00
90	513.8333	0.197105	0.197105	4890.00
91	491.4000	0.188507	0.188507	0.00
92	532.6667	0.181653	0.181653	4890.50
93	561.9000	0.181533	0.181533	0.00
94	558.7000	0.180486	0.180486	2444.00
95	542.3667	0.184944	0.184944	4890.50
96	514.8667	0.175537	0.175537	0.00
97	518.9667	0.176941	0.176941	4883.50
98	500.2667	0.180602	0.180602	2444.00
99	520.9333	0.168264	0.168264	4883.00
100	484.1333	0.156381	0.156381	4890.50
101	484.1333	0.156381	0.156381	2446.00
102	463.5667	0.149766	0.149766	0.00
103	450.3333	0.145511	0.145511	2445.50
104	509.0667	0.148812	0.148812	4887.50
105	449.8333	0.145328	0.145328	2445.00
106	508.0667	0.155989	0.155989	4889.00
107	514.1667	0.166162	0.166162	4889.50
108	543.8000	0.175741	0.175741	0.00
109	543.8333	0.175759	0.175759	2435.00
110	562.4333	0.172676	0.172676	4884.00
111	575.1667	0.176616	0.176616	4890.50
112	542.8667	0.166696	0.166696	0.00
113	515.7000	0.158354	0.158354	4870.50
114	528.8333	0.162388	0.162388	2442.50
115	519.4000	0.167890	0.167890	4890.00
116	554.6000	0.170300	0.170300	2444.00
117	563.1333	0.164656	0.164656	2444.50
118	563.9333	0.164870	0.164870	2437.00
119	525.7667	0.161415	0.161415	4888.00
120	572.5333	0.167424	0.167424	2445.00
121	477.6000	0.154315	0.154315	4888.50
122	475.2333	0.153544	0.153544	2446.00
123	426.9667	0.145645	0.145645	2443.50
124	457.1000	0.147709	0.147709	4887.00
125	448.5000	0.144927	0.144927	4890.00
126	435.1333	0.140585	0.140585	2442.00
127	461.2000	0.149002	0.149002	2436.50
128	495.7000	0.160174	0.160174	0.00
129	531.8000	0.171835	0.171835	2444.50
130	562.1667	0.172566	0.172566	2437.00
131	567.4667	0.165931	0.165931	4889.50
132	568.7000	0.166285	0.166285	2445.50
133	566.4000	0.165616	0.165616	2444.50
134	555.2000	0.162361	0.162361	4889.50
135	515.3000	0.150668	0.150668	2437.50
136	555.5000	0.148292	0.148292	4889.50
137	510.5000	0.142477	0.142477	4889.00
138	580.4333	0.154931	0.154931	4876.50
139	596.0000	0.159086	0.159086	4889.00
140	586.0000	0.163533	0.163533	4889.00
141	580.8000	0.162081	0.162081	2435.50
142	557.9000	0.163110	0.163110	2445.00
143	507.0667	0.155642	0.155642	4888.50
144	467.8000	0.149105	0.149105	0.00
145	433.3000	0.150767	0.150767	4887.50
146	402.9000	0.154500	0.154500	4889.50
147	372.0667	0.157650	0.157650	0.00
148	332.1000	0.156596	0.156596	2445.00
149	338.3000	0.167545	0.167545	2444.50
150	375.1333	0.183227	0.183227	0.00
