,rid
0,m64018_201129_132425/59835693/ccs
1,m64018_201129_132425/50528955/ccs
2,m64018_201129_132425/177998575/ccs
3,m64018_201129_132425/78776755/ccs
4,m64018_201129_132425/113771036/ccs
5,m64018_201129_132425/146212081/ccs
6,m64018_201129_132425/80874284/ccs
7,m64018_201129_132425/105121275/ccs
8,m64018_201129_132425/115936000/ccs
9,m64018_201129_132425/155256051/ccs
10,m64018_201129_132425/19662360/ccs
11,m64018_201129_132425/116393866/ccs
12,m64018_201129_132425/179766291/ccs
13,m64018_201129_132425/86114563/ccs
14,m64018_201129_132425/31591011/ccs
15,m64018_201129_132425/74055921/ccs
16,m64018_201129_132425/112002570/ccs
17,m64018_201129_132425/15992373/ccs
18,m64018_201129_132425/148834350/ccs
19,m64018_201129_132425/173670992/ccs
20,m64018_201129_132425/119079490/ccs
21,m64018_201129_132425/20055102/ccs
22,m64018_201129_132425/19399253/ccs
23,m64018_201129_132425/29820385/ccs
24,m64018_201129_132425/20120996/ccs
25,m64018_201129_132425/133431430/ccs
26,m64018_201129_132425/174719910/ccs
27,m64018_201129_132425/142739317/ccs
28,m64018_201129_132425/72417739/ccs
29,m64018_201129_132425/138151583/ccs
30,m64018_201129_132425/49940922/ccs
31,m64018_201129_132425/122093743/ccs
32,m64018_201129_132425/104268626/ccs
33,m64018_201129_132425/161154439/ccs
34,m64018_201129_132425/51053082/ccs
35,m64018_201129_132425/93783185/ccs
36,m64018_201129_132425/145491164/ccs
37,m64018_201129_132425/177867046/ccs
38,m64018_201129_132425/97518542/ccs
39,m64018_201129_132425/144441948/ccs
40,m64018_201129_132425/81331160/ccs
41,m64018_201129_132425/154995479/ccs
42,m64018_201129_132425/33030399/ccs
43,m64018_201129_132425/177537919/ccs
44,m64018_201129_132425/111937334/ccs
45,m64018_201129_132425/78709428/ccs
46,m64018_201129_132425/125961911/ccs
47,m64018_201129_132425/170722639/ccs
48,m64018_201129_132425/104399311/ccs
49,m64018_201129_132425/122882691/ccs
50,m64018_201129_132425/113443387/ccs
51,m64018_201129_132425/33228025/ccs
52,m64018_201129_132425/173539402/ccs
53,m64018_201129_132425/76874120/ccs
54,m64018_201129_132425/53740271/ccs
55,m64018_201129_132425/13501637/ccs
56,m64018_201129_132425/61605509/ccs
57,m64018_201129_132425/75105210/ccs
58,m64018_201129_132425/82575805/ccs
59,m64018_201129_132425/38733539/ccs
60,m64018_201129_132425/63833774/ccs
61,m64018_201129_132425/75958547/ccs
62,m64018_201129_132425/157877601/ccs
63,m64018_201129_132425/100010828/ccs
64,m64018_201129_132425/40961377/ccs
65,m64018_201129_132425/154143072/ccs
66,m64018_201129_132425/111476736/ccs
67,m64018_201129_132425/114100509/ccs
68,m64018_201129_132425/150341080/ccs
69,m64018_201129_132425/160236717/ccs
70,m64018_201129_132425/107676246/ccs
71,m64018_201129_132425/118161751/ccs
72,m64018_201129_132425/175769046/ccs
73,m64018_201129_132425/19138344/ccs
74,m64018_201129_132425/108137099/ccs
75,m64018_201129_132425/87688704/ccs
76,m64018_201129_132425/36767582/ccs
77,m64018_201129_132425/90112892/ccs
78,m64018_201129_132425/5637872/ccs
79,m64018_201129_132425/115541525/ccs
80,m64018_201129_132425/95355262/ccs
81,m64018_201129_132425/16845195/ccs
82,m64018_201129_132425/134285959/ccs
83,m64018_201129_132425/16058776/ccs
84,m64018_201129_132425/7144203/ccs
85,m64018_201129_132425/52758489/ccs
86,m64018_201129_132425/54200132/ccs
87,m64018_201129_132425/27984098/ccs
88,m64018_201129_132425/86443033/ccs
89,m64018_201129_132425/41420380/ccs
90,m64018_201129_132425/77006461/ccs
91,m64018_201129_132425/142542538/ccs
92,m64018_201129_132425/146669784/ccs
93,m64018_201129_132425/27330408/ccs
94,m64018_201129_132425/87359613/ccs
95,m64018_201129_132425/2689191/ccs
96,m64018_201129_132425/102629548/ccs
97,m64018_201129_132425/163513803/ccs
98,m64018_201129_132425/852612/ccs
99,m64018_201129_132425/26085411/ccs
100,m64018_201129_132425/24576528/ccs
101,m64018_201129_132425/137759476/ccs
102,m64018_201129_132425/35914220/ccs
103,m64018_201129_132425/101778531/ccs
104,m64018_201129_132425/97125814/ccs
105,m64018_201129_132425/70845169/ccs
106,m64018_201129_132425/87493196/ccs
107,m64018_201129_132425/87493196/ccs
108,m64018_201129_132425/44433866/ccs
109,m64018_201129_132425/59441460/ccs
110,m64018_201129_132425/100860177/ccs
111,m64018_201129_132425/8913286/ccs
112,m64018_201129_132425/58394634/ccs
113,m64018_201129_132425/100205421/ccs
114,m64018_201129_132425/19268899/ccs
115,m64018_201129_132425/33818500/ccs
116,m64018_201129_132425/44108008/ccs
117,m64018_201129_132425/109511077/ccs
118,m64018_201129_132425/163449133/ccs
119,m64018_201129_132425/24185046/ccs
120,m64018_201129_132425/124258490/ccs
121,m64018_201129_132425/76613822/ccs
122,m64018_201129_132425/57671992/ccs
123,m64018_201129_132425/50136773/ccs
124,m64018_201129_132425/134678842/ccs
125,m64018_201129_132425/156697166/ccs
126,m64018_201129_132425/95551542/ccs
127,m64018_201129_132425/159057316/ccs
128,m64018_201129_132425/36046930/ccs
129,m64018_201129_132425/88278674/ccs
130,m64018_201129_132425/178913817/ccs
131,m64018_201129_132425/22087156/ccs
132,m64018_201129_132425/158206485/ccs
133,m64018_201129_132425/8979707/ccs
134,m64018_201129_132425/139855570/ccs
135,m64018_201129_132425/152699751/ccs
136,m64018_201129_132425/81726277/ccs
137,m64018_201129_132425/108137099/ccs
138,m64018_201129_132425/169739238/ccs
139,m64018_201129_132425/16779652/ccs
140,m64018_201129_132425/130221613/ccs
141,m64018_201129_132425/43384891/ccs
142,m64018_201129_132425/174456929/ccs
143,m64018_201129_132425/144706087/ccs
144,m64018_201129_132425/148441221/ccs
145,m64018_201129_132425/7407615/ccs
146,m64018_201129_132425/76089528/ccs
147,m64018_201129_132425/154732065/ccs
148,m64018_201129_132425/155123719/ccs
149,m64018_201129_132425/31852035/ccs
