label	metric	value
ont_late_nosplit	conservative_kept_bp	22213896
ont_late_nosplit	conservative_kept_count	63445
ont_late_nosplit	conservative_trim_bp	1977739
ont_late_nosplit	core_below_floor_core_bp	349098
ont_late_nosplit	core_below_floor_count	5300
ont_late_nosplit	core_below_floor_fragment_bp	591219
ont_late_nosplit	edge_candidate_bp	24540733
ont_late_nosplit	edge_candidate_count	68745
ont_late_nosplit	fragment_bp	25615767
ont_late_nosplit	fragment_count	93425
ont_late_nosplit	loose_below_floor_count	2809
ont_late_nosplit	loose_below_floor_fragment_bp	311416
ont_late_nosplit	loose_kept_bp	23032590
ont_late_nosplit	loose_kept_count	65936
ont_late_nosplit	loose_rescued_count	2491
ont_late_nosplit	loose_rescued_fragment_bp	279803
ont_late_nosplit	loose_rescued_nuc_bp	232623
ont_late_nosplit	loose_trim_bp	1325427
ont_late_nosplit	postsplit_subfloor_bp	1063981
ont_late_nosplit	postsplit_subfloor_count	24577
ont_late_nosplit	raw_footprint_bp	25615767
ont_late_nosplit	raw_footprint_count	93425
ont_late_nosplit	raw_nuc_bp	24551786
ont_late_nosplit	raw_nuc_count	68848
ont_late_nosplit	raw_subfloor_bp	1063981
ont_late_nosplit	raw_subfloor_count	24577
ont_late_nosplit	signal_desert_bp	11053
ont_late_nosplit	signal_desert_count	103
